[0m16:59:25.739121 [debug] [MainThread]: Sending event: {'category': 'dbt', 'action': 'invocation', 'label': 'start', 'context': [<snowplow_tracker.self_describing_json.SelfDescribingJson object at 0x0000020522DC1D30>, <snowplow_tracker.self_describing_json.SelfDescribingJson object at 0x0000020525563ED0>, <snowplow_tracker.self_describing_json.SelfDescribingJson object at 0x0000020525563B10>]}


============================== 16:59:25.742370 | f55e4df9-71e4-4e1c-b7dd-e0ca46a2318b ==============================
[0m16:59:25.742370 [info ] [MainThread]: Running with dbt=1.12.2
[0m16:59:25.742829 [debug] [MainThread]: running dbt with arguments {'static_parser': 'True', 'no_print': 'None', 'version_check': 'True', 'warn_error_options': 'WarnErrorOptionsV2(error=[], warn=[], silence=[])', 'maximum_seed_size_mib': '1', 'target_path': 'None', 'printer_width': '80', 'write_json': 'True', 'empty': 'None', 'log_cache_events': 'False', 'introspect': 'True', 'cache_selected_only': 'False', 'log_format': 'default', 'debug': 'False', 'fail_fast': 'False', 'partial_parse': 'True', 'send_anonymous_usage_stats': 'True', 'quiet': 'False', 'warn_error': 'None', 'profiles_dir': 'C:\\Users\\kill\\.dbt', 'use_colors': 'True', 'hints_enabled': 'True', 'invocation_command': 'dbt debug', 'use_experimental_parser': 'False', 'indirect_selection': 'eager', 'log_path': 'C:\\Users\\kill\\Desktop\\datax\\Trabajo 1\\paquete_cubo158\\dbt_158\\logs'}
[0m16:59:25.760095 [info ] [MainThread]: dbt version: 1.12.2
[0m16:59:25.760873 [info ] [MainThread]: python version: 3.13.15
[0m16:59:25.761477 [info ] [MainThread]: python path: C:\Users\kill\AppData\Local\Programs\Python\Python313\python.exe
[0m16:59:25.761869 [info ] [MainThread]: os info: Windows-11-10.0.26200-SP0
[0m16:59:25.810352 [info ] [MainThread]: Using profiles dir at C:\Users\kill\.dbt
[0m16:59:25.810935 [info ] [MainThread]: Using profiles.yml file at C:\Users\kill\.dbt\profiles.yml
[0m16:59:25.811359 [info ] [MainThread]: Using dbt_project.yml file at C:\Users\kill\Desktop\datax\Trabajo 1\paquete_cubo158\dbt_158\dbt_project.yml
[0m16:59:25.812580 [info ] [MainThread]: adapter type: postgres
[0m16:59:25.812996 [info ] [MainThread]: adapter version: 1.11.0
[0m16:59:25.904122 [info ] [MainThread]: Configuration:
[0m16:59:25.904664 [info ] [MainThread]:   profiles.yml file [[32mOK found and valid[0m]
[0m16:59:25.905001 [info ] [MainThread]:   dbt_project.yml file [[32mOK found and valid[0m]
[0m16:59:25.905287 [info ] [MainThread]: Required dependencies:
[0m16:59:25.905575 [debug] [MainThread]: Executing "git --help"
[0m16:59:25.947344 [debug] [MainThread]: STDOUT: "b"usage: git [-v | --version] [-h | --help] [-C <path>] [-c <name>=<value>]\n           [--exec-path[=<path>]] [--html-path] [--man-path] [--info-path]\n           [-p | --paginate | -P | --no-pager] [--no-replace-objects] [--no-lazy-fetch]\n           [--no-optional-locks] [--no-advice] [--bare] [--git-dir=<path>]\n           [--work-tree=<path>] [--namespace=<name>] [--config-env=<name>=<envvar>]\n           <command> [<args>]\n\nThese are common Git commands used in various situations:\n\nstart a working area (see also: git help tutorial)\n   clone      Clone a repository into a new directory\n   init       Create an empty Git repository or reinitialize an existing one\n\nwork on the current change (see also: git help everyday)\n   add        Add file contents to the index\n   mv         Move or rename a file, a directory, or a symlink\n   restore    Restore working tree files\n   rm         Remove files from the working tree and from the index\n\nexamine the history and state (see also: git help revisions)\n   bisect     Use binary search to find the commit that introduced a bug\n   diff       Show changes between commits, commit and working tree, etc\n   grep       Print lines matching a pattern\n   log        Show commit logs\n   show       Show various types of objects\n   status     Show the working tree status\n\ngrow, mark and tweak your common history\n   backfill   Download missing objects in a partial clone\n   branch     List, create, or delete branches\n   commit     Record changes to the repository\n   merge      Join two or more development histories together\n   rebase     Reapply commits on top of another base tip\n   reset      Reset current HEAD to the specified state\n   switch     Switch branches\n   tag        Create, list, delete or verify a tag object signed with GPG\n\ncollaborate (see also: git help workflows)\n   fetch      Download objects and refs from another repository\n   pull       Fetch from and integrate with another repository or a local branch\n   push       Update remote refs along with associated objects\n\n'git help -a' and 'git help -g' list available subcommands and some\nconcept guides. See 'git help <command>' or 'git help <concept>'\nto read about a specific subcommand or concept.\nSee 'git help git' for an overview of the system.\n""
[0m16:59:25.947848 [debug] [MainThread]: STDERR: "b''"
[0m16:59:25.948215 [info ] [MainThread]:  - git [[32mOK found[0m]

[0m16:59:25.948654 [info ] [MainThread]: Connection:
[0m16:59:25.949059 [info ] [MainThread]:   host: localhost
[0m16:59:25.949376 [info ] [MainThread]:   port: 5432
[0m16:59:25.949653 [info ] [MainThread]:   user: postgres
[0m16:59:25.950039 [info ] [MainThread]:   database: postgres
[0m16:59:25.950369 [info ] [MainThread]:   schema: public
[0m16:59:25.950702 [info ] [MainThread]:   connect_timeout: 10
[0m16:59:25.951019 [info ] [MainThread]:   role: None
[0m16:59:25.951416 [info ] [MainThread]:   search_path: None
[0m16:59:25.952027 [info ] [MainThread]:   keepalives_idle: 0
[0m16:59:25.952548 [info ] [MainThread]:   sslmode: None
[0m16:59:25.952851 [info ] [MainThread]:   sslcert: None
[0m16:59:25.953138 [info ] [MainThread]:   sslkey: None
[0m16:59:25.953526 [info ] [MainThread]:   sslrootcert: None
[0m16:59:25.954046 [info ] [MainThread]:   application_name: dbt
[0m16:59:25.954466 [info ] [MainThread]:   autocommit: False
[0m16:59:25.955043 [info ] [MainThread]:   retries: 1
[0m16:59:25.955952 [info ] [MainThread]: Registered adapter: postgres=1.11.0
[0m16:59:26.159934 [debug] [MainThread]: Acquiring new postgres connection 'debug'
[0m16:59:34.820163 [debug] [MainThread]: Using postgres connection "debug"
[0m16:59:34.820510 [debug] [MainThread]: On debug: select 1 as id
[0m16:59:34.820770 [debug] [MainThread]: Opening a new connection, currently in state init
[0m16:59:34.844289 [debug] [MainThread]: SQL status: SELECT 1 in 0.023 seconds
[0m16:59:34.844949 [debug] [MainThread]: On debug: Close
[0m16:59:34.845238 [info ] [MainThread]:   Connection test: [[32mOK connection ok[0m]

[0m16:59:34.846089 [info ] [MainThread]: [32mAll checks passed![0m
[0m16:59:34.846881 [debug] [MainThread]: Command `dbt debug` succeeded at 16:59:34.846796 after 9.33 seconds
[0m16:59:34.847073 [debug] [MainThread]: Connection 'debug' was properly closed.
[0m16:59:34.847278 [debug] [MainThread]: Sending event: {'category': 'dbt', 'action': 'invocation', 'label': 'end', 'context': [<snowplow_tracker.self_describing_json.SelfDescribingJson object at 0x0000020525AE1220>, <snowplow_tracker.self_describing_json.SelfDescribingJson object at 0x0000020525C02570>, <snowplow_tracker.self_describing_json.SelfDescribingJson object at 0x0000020525B5EE00>]}
[0m16:59:34.847508 [debug] [MainThread]: Flushing usage events
[0m16:59:35.784050 [debug] [MainThread]: An error was encountered while trying to flush usage events
[0m16:59:58.124860 [debug] [MainThread]: Sending event: {'category': 'dbt', 'action': 'invocation', 'label': 'start', 'context': [<snowplow_tracker.self_describing_json.SelfDescribingJson object at 0x000001C9312C1D30>, <snowplow_tracker.self_describing_json.SelfDescribingJson object at 0x000001C933AB3ED0>, <snowplow_tracker.self_describing_json.SelfDescribingJson object at 0x000001C933AB3B10>]}


============================== 16:59:58.129171 | 52e70bc7-ec3d-47fb-a59b-14775dade219 ==============================
[0m16:59:58.129171 [info ] [MainThread]: Running with dbt=1.12.2
[0m16:59:58.129880 [debug] [MainThread]: running dbt with arguments {'maximum_seed_size_mib': '1', 'no_print': 'None', 'version_check': 'True', 'warn_error_options': 'WarnErrorOptionsV2(error=[], warn=[], silence=[])', 'static_parser': 'True', 'target_path': 'None', 'printer_width': '80', 'write_json': 'True', 'empty': 'False', 'log_cache_events': 'False', 'introspect': 'True', 'cache_selected_only': 'False', 'log_format': 'default', 'debug': 'False', 'fail_fast': 'False', 'partial_parse': 'True', 'send_anonymous_usage_stats': 'True', 'quiet': 'False', 'warn_error': 'None', 'profiles_dir': 'C:\\Users\\kill\\.dbt', 'indirect_selection': 'eager', 'hints_enabled': 'True', 'invocation_command': 'dbt seed', 'use_experimental_parser': 'False', 'use_colors': 'True', 'log_path': 'C:\\Users\\kill\\Desktop\\datax\\Trabajo 1\\paquete_cubo158\\dbt_158\\logs'}
[0m16:59:58.371159 [debug] [MainThread]: Sending event: {'category': 'dbt', 'action': 'project_id', 'label': '52e70bc7-ec3d-47fb-a59b-14775dade219', 'context': [<snowplow_tracker.self_describing_json.SelfDescribingJson object at 0x000001C9319AEC40>]}
[0m16:59:58.433424 [debug] [MainThread]: Sending event: {'category': 'dbt', 'action': 'adapter_info', 'label': '52e70bc7-ec3d-47fb-a59b-14775dade219', 'context': [<snowplow_tracker.self_describing_json.SelfDescribingJson object at 0x000001C93116F020>]}
[0m16:59:58.435006 [info ] [MainThread]: Registered adapter: postgres=1.11.0
[0m16:59:58.699394 [debug] [MainThread]: checksum: d90eabb28bcd83b1f62f14c26fce4b8be3d7b4ed130b1ec8e7fdf9a5f3602a01, vars: {}, profile: cubo_158, target: dev, version: 1.12.2
[0m16:59:58.700395 [info ] [MainThread]: Unable to do partial parsing because saved manifest not found. Starting full parse.
[0m16:59:58.700914 [debug] [MainThread]: Sending event: {'category': 'dbt', 'action': 'partial_parser', 'label': '52e70bc7-ec3d-47fb-a59b-14775dade219', 'context': [<snowplow_tracker.self_describing_json.SelfDescribingJson object at 0x000001C933A57950>]}
[0m17:00:02.947399 [debug] [MainThread]: Sending event: {'category': 'dbt', 'action': 'load_project', 'label': '52e70bc7-ec3d-47fb-a59b-14775dade219', 'context': [<snowplow_tracker.self_describing_json.SelfDescribingJson object at 0x000001C933B86990>]}
[0m17:00:03.034623 [debug] [MainThread]: Wrote artifact WritableManifest to C:\Users\kill\Desktop\datax\Trabajo 1\paquete_cubo158\dbt_158\target\manifest.json
[0m17:00:03.082304 [debug] [MainThread]: Wrote artifact SemanticManifest to C:\Users\kill\Desktop\datax\Trabajo 1\paquete_cubo158\dbt_158\target\semantic_manifest.json
[0m17:00:03.110067 [debug] [MainThread]: Wrote artifact OsiDocument to C:\Users\kill\Desktop\datax\Trabajo 1\paquete_cubo158\dbt_158\target\osi_document.json
[0m17:00:03.168938 [debug] [MainThread]: Sending event: {'category': 'dbt', 'action': 'resource_counts', 'label': '52e70bc7-ec3d-47fb-a59b-14775dade219', 'context': [<snowplow_tracker.self_describing_json.SelfDescribingJson object at 0x000001C934A08050>]}
[0m17:00:03.169354 [info ] [MainThread]: Found 3 models, 1 seed, 18 sources, 478 macros
[0m17:00:03.169795 [debug] [MainThread]: Sending event: {'category': 'dbt', 'action': 'runnable_timing', 'label': '52e70bc7-ec3d-47fb-a59b-14775dade219', 'context': [<snowplow_tracker.self_describing_json.SelfDescribingJson object at 0x000001C934520390>]}
[0m17:00:03.171430 [info ] [MainThread]: 
[0m17:00:03.171783 [info ] [MainThread]: Concurrency: 4 threads (target='dev')
[0m17:00:03.172032 [info ] [MainThread]: 
[0m17:00:03.172427 [debug] [MainThread]: Acquiring new postgres connection 'master'
[0m17:00:03.173288 [debug] [ThreadPool]: Acquiring new postgres connection 'list_postgres'
[0m17:00:03.236625 [debug] [ThreadPool]: Using postgres connection "list_postgres"
[0m17:00:03.236979 [debug] [ThreadPool]: On list_postgres: /* {"app": "dbt", "dbt_version": "1.12.2", "profile_name": "cubo_158", "target_name": "dev", "connection_name": "list_postgres"} */

    select distinct nspname from pg_namespace
  
[0m17:00:03.237238 [debug] [ThreadPool]: Opening a new connection, currently in state init
[0m17:00:03.278102 [debug] [ThreadPool]: SQL status: SELECT 4 in 0.041 seconds
[0m17:00:03.279302 [debug] [ThreadPool]: On list_postgres: Close
[0m17:00:03.283976 [debug] [ThreadPool]: Acquiring new postgres connection 'list_postgres_public'
[0m17:00:03.288493 [debug] [ThreadPool]: Using postgres connection "list_postgres_public"
[0m17:00:03.288829 [debug] [ThreadPool]: On list_postgres_public: /* {"app": "dbt", "dbt_version": "1.12.2", "profile_name": "cubo_158", "target_name": "dev", "connection_name": "list_postgres_public"} */
select
      'postgres' as database,
      tablename as name,
      schemaname as schema,
      'table' as type
    from pg_tables
    where schemaname ilike 'public'
    union all
    select
      'postgres' as database,
      viewname as name,
      schemaname as schema,
      'view' as type
    from pg_views
    where schemaname ilike 'public'
    union all
    select
      'postgres' as database,
      matviewname as name,
      schemaname as schema,
      'materialized_view' as type
    from pg_matviews
    where schemaname ilike 'public'
    union all
    select distinct
     'postgres' as database,
     proname as name,
     ns.nspname as schema,
     'function' as type
    from pg_proc
     join pg_namespace as ns on pronamespace = ns.oid
    where ns.nspname ilike 'public'
  
[0m17:00:03.289105 [debug] [ThreadPool]: Opening a new connection, currently in state init
[0m17:00:03.337192 [debug] [ThreadPool]: SQL status: SELECT 0 in 0.048 seconds
[0m17:00:03.338249 [debug] [ThreadPool]: On list_postgres_public: ROLLBACK
[0m17:00:03.339138 [debug] [ThreadPool]: On list_postgres_public: Close
[0m17:00:03.342516 [debug] [MainThread]: Using postgres connection "master"
[0m17:00:03.342918 [debug] [MainThread]: On master: /* {"app": "dbt", "dbt_version": "1.12.2", "profile_name": "cubo_158", "target_name": "dev", "connection_name": "master"} */
select distinct
        dependent_namespace.nspname as dependent_schema,
        dependent_class.relname as dependent_name,
        referenced_namespace.nspname as referenced_schema,
        referenced_class.relname as referenced_name

    -- Query for views: views are entries in pg_class with an entry in pg_rewrite, but we avoid
    -- a seq scan on pg_rewrite by leveraging the fact there is an "internal" row in pg_depend for
    -- the view...
    from pg_class as dependent_class
    join pg_namespace as dependent_namespace on dependent_namespace.oid = dependent_class.relnamespace
    join pg_depend as dependent_depend on dependent_depend.refobjid = dependent_class.oid
        and dependent_depend.classid = 'pg_rewrite'::regclass
        and dependent_depend.refclassid = 'pg_class'::regclass
        and dependent_depend.deptype = 'i'

    -- ... and via pg_depend (that has a row per column, hence the need for "distinct" above, and
    -- making sure to exclude the internal row to avoid a view appearing to depend on itself)...
    join pg_depend as joining_depend on joining_depend.objid = dependent_depend.objid
        and joining_depend.classid = 'pg_rewrite'::regclass
        and joining_depend.refclassid = 'pg_class'::regclass
        and joining_depend.refobjid != dependent_depend.refobjid

    -- ... we can find the tables they query from in pg_class, but excluding system tables. Note we
    -- don't need need to exclude _dependent_ system tables, because they only query from other
    -- system tables, and so are automatically excluded by excluding _referenced_ system tables
    join pg_class as referenced_class on referenced_class.oid = joining_depend.refobjid
    join pg_namespace as referenced_namespace on referenced_namespace.oid = referenced_class.relnamespace
        and referenced_namespace.nspname != 'information_schema'
        and referenced_namespace.nspname not like 'pg\_%'

    order by
        dependent_schema, dependent_name, referenced_schema, referenced_name;
[0m17:00:03.343195 [debug] [MainThread]: Opening a new connection, currently in state init
[0m17:00:03.361674 [debug] [MainThread]: SQL status: SELECT 0 in 0.018 seconds
[0m17:00:03.362612 [debug] [MainThread]: Sending event: {'category': 'dbt', 'action': 'runnable_timing', 'label': '52e70bc7-ec3d-47fb-a59b-14775dade219', 'context': [<snowplow_tracker.self_describing_json.SelfDescribingJson object at 0x000001C93490BA10>]}
[0m17:00:03.362977 [debug] [MainThread]: On master: ROLLBACK
[0m17:00:03.363759 [debug] [MainThread]: On master: COMMIT
[0m17:00:03.364063 [debug] [MainThread]: Using postgres connection "master"
[0m17:00:03.364287 [debug] [MainThread]: On master: COMMIT
[0m17:00:03.365233 [debug] [MainThread]: SQL status: COMMIT in 0.001 seconds
[0m17:00:03.365484 [debug] [MainThread]: On master: Close
[0m17:00:03.392143 [debug] [Thread-1 (]: Began running node seed.cubo_158.cat_compania
[0m17:00:03.392635 [info ] [Thread-1 (]: 1 of 1 START seed file public.cat_compania ..................................... [RUN]
[0m17:00:03.393275 [debug] [Thread-1 (]: Acquiring new postgres connection 'seed.cubo_158.cat_compania'
[0m17:00:03.393566 [debug] [Thread-1 (]: Began compiling node seed.cubo_158.cat_compania
[0m17:00:03.393823 [debug] [Thread-1 (]: Began executing node seed.cubo_158.cat_compania
[0m17:00:03.416407 [debug] [Thread-1 (]: Using postgres connection "seed.cubo_158.cat_compania"
[0m17:00:03.416809 [debug] [Thread-1 (]: On seed.cubo_158.cat_compania: /* {"app": "dbt", "dbt_version": "1.12.2", "profile_name": "cubo_158", "target_name": "dev", "node_id": "seed.cubo_158.cat_compania"} */

    create table "postgres"."public"."cat_compania" ("raw_code" text,"clean_code" text)
  
[0m17:00:03.417091 [debug] [Thread-1 (]: Opening a new connection, currently in state init
[0m17:00:03.456661 [debug] [Thread-1 (]: SQL status: CREATE TABLE in 0.039 seconds
[0m17:00:03.472634 [debug] [Thread-1 (]: Using postgres connection "seed.cubo_158.cat_compania"
[0m17:00:03.473003 [debug] [Thread-1 (]: On seed.cubo_158.cat_compania: 
          insert into "postgres"."public"."cat_compania" ("raw_code", "clean_code") values
          (%s,%s),(%s,%s),(%s,%s),(%s,%s),(%s,%s),(%s,%s),(%s,%s),(%s,%s),(%s,%s),(%s,%s),(%s,%s),(%s,%s),(%s,%s),(%s,%s),(%s,%s),(%s,%s),(%s,%s),(%s,%s),(%s,%s)
      ...
[0m17:00:03.474583 [debug] [Thread-1 (]: SQL status: INSERT 0 19 in 0.001 seconds
[0m17:00:03.478952 [debug] [Thread-1 (]: Writing runtime SQL for node "seed.cubo_158.cat_compania"
[0m17:00:03.495786 [debug] [Thread-1 (]: On seed.cubo_158.cat_compania: COMMIT
[0m17:00:03.496168 [debug] [Thread-1 (]: Using postgres connection "seed.cubo_158.cat_compania"
[0m17:00:03.496483 [debug] [Thread-1 (]: On seed.cubo_158.cat_compania: COMMIT
[0m17:00:03.500082 [debug] [Thread-1 (]: SQL status: COMMIT in 0.003 seconds
[0m17:00:03.501715 [debug] [Thread-1 (]: On seed.cubo_158.cat_compania: Close
[0m17:00:03.504017 [debug] [Thread-1 (]: Sending event: {'category': 'dbt', 'action': 'run_model', 'label': '52e70bc7-ec3d-47fb-a59b-14775dade219', 'context': [<snowplow_tracker.self_describing_json.SelfDescribingJson object at 0x000001C9349D35F0>]}
[0m17:00:03.504501 [info ] [Thread-1 (]: 1 of 1 OK loaded seed file public.cat_compania ................................. [[32mINSERT 19[0m in 0.11s]
[0m17:00:03.505162 [debug] [Thread-1 (]: Finished running node seed.cubo_158.cat_compania
[0m17:00:03.506407 [debug] [MainThread]: On master: COMMIT
[0m17:00:03.506691 [debug] [MainThread]: Using postgres connection "master"
[0m17:00:03.506920 [debug] [MainThread]: On master: COMMIT
[0m17:00:03.507124 [debug] [MainThread]: Opening a new connection, currently in state closed
[0m17:00:03.518455 [debug] [MainThread]: SQL status: COMMIT in 0.011 seconds
[0m17:00:03.518760 [debug] [MainThread]: On master: Close
[0m17:00:03.519203 [debug] [MainThread]: Connection 'master' was properly closed.
[0m17:00:03.519618 [debug] [MainThread]: Connection 'list_postgres' was properly closed.
[0m17:00:03.519818 [debug] [MainThread]: Connection 'list_postgres_public' was properly closed.
[0m17:00:03.519983 [debug] [MainThread]: Connection 'seed.cubo_158.cat_compania' was properly closed.
[0m17:00:03.520200 [info ] [MainThread]: 
[0m17:00:03.520733 [info ] [MainThread]: Finished running 1 seed in 0 hours 0 minutes and 0.35 seconds (0.35s).
[0m17:00:03.521516 [debug] [MainThread]: Command end result
[0m17:00:03.549927 [debug] [MainThread]: Wrote artifact WritableManifest to C:\Users\kill\Desktop\datax\Trabajo 1\paquete_cubo158\dbt_158\target\manifest.json
[0m17:00:03.553883 [debug] [MainThread]: Wrote artifact SemanticManifest to C:\Users\kill\Desktop\datax\Trabajo 1\paquete_cubo158\dbt_158\target\semantic_manifest.json
[0m17:00:03.557344 [debug] [MainThread]: Wrote artifact OsiDocument to C:\Users\kill\Desktop\datax\Trabajo 1\paquete_cubo158\dbt_158\target\osi_document.json
[0m17:00:03.564211 [debug] [MainThread]: Wrote artifact RunExecutionResult to C:\Users\kill\Desktop\datax\Trabajo 1\paquete_cubo158\dbt_158\target\run_results.json
[0m17:00:03.564516 [info ] [MainThread]: 
[0m17:00:03.565123 [info ] [MainThread]: [32mCompleted successfully[0m
[0m17:00:03.565628 [info ] [MainThread]: 
[0m17:00:03.566151 [info ] [MainThread]: Done. PASS=1 WARN=0 ERROR=0 SKIP=0 NO-OP=0 REUSED=0 TOTAL=1
[0m17:00:03.567070 [debug] [MainThread]: Command `dbt seed` succeeded at 17:00:03.566954 after 5.62 seconds
[0m17:00:03.567395 [debug] [MainThread]: Sending event: {'category': 'dbt', 'action': 'invocation', 'label': 'end', 'context': [<snowplow_tracker.self_describing_json.SelfDescribingJson object at 0x000001C934CA7570>, <snowplow_tracker.self_describing_json.SelfDescribingJson object at 0x000001C93487DB50>, <snowplow_tracker.self_describing_json.SelfDescribingJson object at 0x000001C92F34E1D0>]}
[0m17:00:03.567705 [debug] [MainThread]: Flushing usage events
[0m17:00:04.353194 [debug] [MainThread]: An error was encountered while trying to flush usage events
[0m17:00:44.175254 [debug] [MainThread]: Sending event: {'category': 'dbt', 'action': 'invocation', 'label': 'start', 'context': [<snowplow_tracker.self_describing_json.SelfDescribingJson object at 0x0000021BDE951D30>, <snowplow_tracker.self_describing_json.SelfDescribingJson object at 0x0000021BE1143ED0>, <snowplow_tracker.self_describing_json.SelfDescribingJson object at 0x0000021BE1143B10>]}


============================== 17:00:44.178599 | f1d3bc8b-20e2-4e70-b0c7-289300c3c450 ==============================
[0m17:00:44.178599 [info ] [MainThread]: Running with dbt=1.12.2
[0m17:00:44.179220 [debug] [MainThread]: running dbt with arguments {'maximum_seed_size_mib': '1', 'no_print': 'None', 'version_check': 'True', 'warn_error_options': 'WarnErrorOptionsV2(error=[], warn=[], silence=[])', 'target_path': 'None', 'static_parser': 'True', 'printer_width': '80', 'write_json': 'True', 'introspect': 'True', 'log_cache_events': 'False', 'empty': 'False', 'cache_selected_only': 'False', 'log_format': 'default', 'debug': 'False', 'fail_fast': 'False', 'profiles_dir': 'C:\\Users\\kill\\.dbt', 'send_anonymous_usage_stats': 'True', 'quiet': 'False', 'warn_error': 'None', 'partial_parse': 'True', 'indirect_selection': 'eager', 'hints_enabled': 'True', 'use_colors': 'True', 'use_experimental_parser': 'False', 'invocation_command': 'dbt run', 'log_path': 'C:\\Users\\kill\\Desktop\\datax\\Trabajo 1\\paquete_cubo158\\dbt_158\\logs'}
[0m17:00:44.331009 [debug] [MainThread]: Sending event: {'category': 'dbt', 'action': 'project_id', 'label': 'f1d3bc8b-20e2-4e70-b0c7-289300c3c450', 'context': [<snowplow_tracker.self_describing_json.SelfDescribingJson object at 0x0000021BDF03EC40>]}
[0m17:00:44.388866 [debug] [MainThread]: Sending event: {'category': 'dbt', 'action': 'adapter_info', 'label': 'f1d3bc8b-20e2-4e70-b0c7-289300c3c450', 'context': [<snowplow_tracker.self_describing_json.SelfDescribingJson object at 0x0000021BDE7FF020>]}
[0m17:00:44.390634 [info ] [MainThread]: Registered adapter: postgres=1.11.0
[0m17:00:44.618614 [debug] [MainThread]: checksum: d90eabb28bcd83b1f62f14c26fce4b8be3d7b4ed130b1ec8e7fdf9a5f3602a01, vars: {}, profile: cubo_158, target: dev, version: 1.12.2
[0m17:00:44.891331 [debug] [MainThread]: Partial parsing enabled: 0 files deleted, 0 files added, 0 files changed.
[0m17:00:44.891692 [debug] [MainThread]: Nothing changed, skipping partial parsing.
[0m17:00:44.891942 [debug] [MainThread]: Partial parsing enabled, no changes found, skipping parsing
[0m17:00:44.900774 [debug] [MainThread]: Sending event: {'category': 'dbt', 'action': 'load_project', 'label': 'f1d3bc8b-20e2-4e70-b0c7-289300c3c450', 'context': [<snowplow_tracker.self_describing_json.SelfDescribingJson object at 0x0000021BE1A13B50>]}
[0m17:00:45.018712 [debug] [MainThread]: Wrote artifact WritableManifest to C:\Users\kill\Desktop\datax\Trabajo 1\paquete_cubo158\dbt_158\target\manifest.json
[0m17:00:45.022090 [debug] [MainThread]: Wrote artifact SemanticManifest to C:\Users\kill\Desktop\datax\Trabajo 1\paquete_cubo158\dbt_158\target\semantic_manifest.json
[0m17:00:45.045549 [debug] [MainThread]: Wrote artifact OsiDocument to C:\Users\kill\Desktop\datax\Trabajo 1\paquete_cubo158\dbt_158\target\osi_document.json
[0m17:00:45.058976 [debug] [MainThread]: Sending event: {'category': 'dbt', 'action': 'resource_counts', 'label': 'f1d3bc8b-20e2-4e70-b0c7-289300c3c450', 'context': [<snowplow_tracker.self_describing_json.SelfDescribingJson object at 0x0000021BE1C7C230>]}
[0m17:00:45.059381 [info ] [MainThread]: Found 3 models, 1 seed, 18 sources, 478 macros
[0m17:00:45.059830 [debug] [MainThread]: Sending event: {'category': 'dbt', 'action': 'runnable_timing', 'label': 'f1d3bc8b-20e2-4e70-b0c7-289300c3c450', 'context': [<snowplow_tracker.self_describing_json.SelfDescribingJson object at 0x0000021BE1A9BE70>]}
[0m17:00:45.061327 [info ] [MainThread]: 
[0m17:00:45.061647 [info ] [MainThread]: Concurrency: 4 threads (target='dev')
[0m17:00:45.061885 [info ] [MainThread]: 
[0m17:00:45.062505 [debug] [MainThread]: Acquiring new postgres connection 'master'
[0m17:00:45.065732 [debug] [ThreadPool]: Acquiring new postgres connection 'list_postgres'
[0m17:00:45.127512 [debug] [ThreadPool]: Using postgres connection "list_postgres"
[0m17:00:45.127903 [debug] [ThreadPool]: On list_postgres: /* {"app": "dbt", "dbt_version": "1.12.2", "profile_name": "cubo_158", "target_name": "dev", "connection_name": "list_postgres"} */

    select distinct nspname from pg_namespace
  
[0m17:00:45.128161 [debug] [ThreadPool]: Opening a new connection, currently in state init
[0m17:00:45.151092 [debug] [ThreadPool]: SQL status: SELECT 4 in 0.023 seconds
[0m17:00:45.152156 [debug] [ThreadPool]: On list_postgres: Close
[0m17:00:45.153725 [debug] [ThreadPool]: Acquiring new postgres connection 'list_postgres_public'
[0m17:00:45.157708 [debug] [ThreadPool]: Using postgres connection "list_postgres_public"
[0m17:00:45.157986 [debug] [ThreadPool]: On list_postgres_public: /* {"app": "dbt", "dbt_version": "1.12.2", "profile_name": "cubo_158", "target_name": "dev", "connection_name": "list_postgres_public"} */
select
      'postgres' as database,
      tablename as name,
      schemaname as schema,
      'table' as type
    from pg_tables
    where schemaname ilike 'public'
    union all
    select
      'postgres' as database,
      viewname as name,
      schemaname as schema,
      'view' as type
    from pg_views
    where schemaname ilike 'public'
    union all
    select
      'postgres' as database,
      matviewname as name,
      schemaname as schema,
      'materialized_view' as type
    from pg_matviews
    where schemaname ilike 'public'
    union all
    select distinct
     'postgres' as database,
     proname as name,
     ns.nspname as schema,
     'function' as type
    from pg_proc
     join pg_namespace as ns on pronamespace = ns.oid
    where ns.nspname ilike 'public'
  
[0m17:00:45.158222 [debug] [ThreadPool]: Opening a new connection, currently in state init
[0m17:00:45.184892 [debug] [ThreadPool]: SQL status: SELECT 1 in 0.027 seconds
[0m17:00:45.185832 [debug] [ThreadPool]: On list_postgres_public: ROLLBACK
[0m17:00:45.186471 [debug] [ThreadPool]: On list_postgres_public: Close
[0m17:00:45.189273 [debug] [MainThread]: Using postgres connection "master"
[0m17:00:45.189561 [debug] [MainThread]: On master: /* {"app": "dbt", "dbt_version": "1.12.2", "profile_name": "cubo_158", "target_name": "dev", "connection_name": "master"} */
select distinct
        dependent_namespace.nspname as dependent_schema,
        dependent_class.relname as dependent_name,
        referenced_namespace.nspname as referenced_schema,
        referenced_class.relname as referenced_name

    -- Query for views: views are entries in pg_class with an entry in pg_rewrite, but we avoid
    -- a seq scan on pg_rewrite by leveraging the fact there is an "internal" row in pg_depend for
    -- the view...
    from pg_class as dependent_class
    join pg_namespace as dependent_namespace on dependent_namespace.oid = dependent_class.relnamespace
    join pg_depend as dependent_depend on dependent_depend.refobjid = dependent_class.oid
        and dependent_depend.classid = 'pg_rewrite'::regclass
        and dependent_depend.refclassid = 'pg_class'::regclass
        and dependent_depend.deptype = 'i'

    -- ... and via pg_depend (that has a row per column, hence the need for "distinct" above, and
    -- making sure to exclude the internal row to avoid a view appearing to depend on itself)...
    join pg_depend as joining_depend on joining_depend.objid = dependent_depend.objid
        and joining_depend.classid = 'pg_rewrite'::regclass
        and joining_depend.refclassid = 'pg_class'::regclass
        and joining_depend.refobjid != dependent_depend.refobjid

    -- ... we can find the tables they query from in pg_class, but excluding system tables. Note we
    -- don't need need to exclude _dependent_ system tables, because they only query from other
    -- system tables, and so are automatically excluded by excluding _referenced_ system tables
    join pg_class as referenced_class on referenced_class.oid = joining_depend.refobjid
    join pg_namespace as referenced_namespace on referenced_namespace.oid = referenced_class.relnamespace
        and referenced_namespace.nspname != 'information_schema'
        and referenced_namespace.nspname not like 'pg\_%'

    order by
        dependent_schema, dependent_name, referenced_schema, referenced_name;
[0m17:00:45.189792 [debug] [MainThread]: Opening a new connection, currently in state init
[0m17:00:45.207176 [debug] [MainThread]: SQL status: SELECT 0 in 0.017 seconds
[0m17:00:45.208335 [debug] [MainThread]: Sending event: {'category': 'dbt', 'action': 'runnable_timing', 'label': 'f1d3bc8b-20e2-4e70-b0c7-289300c3c450', 'context': [<snowplow_tracker.self_describing_json.SelfDescribingJson object at 0x0000021BE1DFE1A0>]}
[0m17:00:45.208798 [debug] [MainThread]: On master: ROLLBACK
[0m17:00:45.209700 [debug] [MainThread]: On master: COMMIT
[0m17:00:45.210037 [debug] [MainThread]: Using postgres connection "master"
[0m17:00:45.210303 [debug] [MainThread]: On master: COMMIT
[0m17:00:45.211580 [debug] [MainThread]: SQL status: COMMIT in 0.001 seconds
[0m17:00:45.211916 [debug] [MainThread]: On master: Close
[0m17:00:45.216541 [debug] [Thread-1 (]: Began running node model.cubo_158.stg_produccion_siniestros
[0m17:00:45.217082 [info ] [Thread-1 (]: 1 of 3 START sql view model public.stg_produccion_siniestros ................... [RUN]
[0m17:00:45.217733 [debug] [Thread-1 (]: Acquiring new postgres connection 'model.cubo_158.stg_produccion_siniestros'
[0m17:00:45.218095 [debug] [Thread-1 (]: Began compiling node model.cubo_158.stg_produccion_siniestros
[0m17:00:45.226585 [debug] [Thread-1 (]: Writing injected SQL for node "model.cubo_158.stg_produccion_siniestros"
[0m17:00:45.228996 [debug] [Thread-1 (]: Began executing node model.cubo_158.stg_produccion_siniestros
[0m17:00:45.256928 [debug] [Thread-1 (]: Writing runtime sql for node "model.cubo_158.stg_produccion_siniestros"
[0m17:00:45.258826 [debug] [Thread-1 (]: Using postgres connection "model.cubo_158.stg_produccion_siniestros"
[0m17:00:45.259348 [debug] [Thread-1 (]: On model.cubo_158.stg_produccion_siniestros: /* {"app": "dbt", "dbt_version": "1.12.2", "profile_name": "cubo_158", "target_name": "dev", "node_id": "model.cubo_158.stg_produccion_siniestros"} */

  create view "postgres"."public"."stg_produccion_siniestros__dbt_tmp"
    
    
  as (
    

-- T3: concatenacion de las 18 tablas (via el macro)
-- T1: titulo1 -> Tipo (Produccion/Siniestros) ; titulo3 -> Departamento
-- T8: normalizacion de texto (Departamento en Title Case, ej. "la PAZ" -> "La Paz")
-- T7: fecha ya viene como DATE, solo se descompone en Anio/Mes en el mart final
-- T9: normalizacion del codigo de compania (nv2) -- el catalogo completo se aplica en el mart

select
    case
        when titulo1 ilike '%Producci%' then 'Produccion'
        when titulo1 ilike '%Siniestro%' then 'Siniestros'
        else titulo1
    end                                            as tipo,             -- T1 (derivado de titulo1)
    initcap(lower(trim(titulo3)))                   as departamento,     -- T1 + T8
    modalidad,
    ramo,
    nv1                                              as tipo_entidad,
    trim(nv2)                                        as compania_raw,    -- T8 (trim)
    fecha,
    valor                                            as valor_usd        -- ya viene limpio (T12 resuelto en la ingesta)
from ( 

    

    
        select
            titulo1,
            titulo3,
            modalidad,
            ramo,
            nv1,
            nv2,
            fecha,
            valor
        from "postgres"."aps"."DATA_D_BO_000000447_01"
         union all 
    
        select
            titulo1,
            titulo3,
            modalidad,
            ramo,
            nv1,
            nv2,
            fecha,
            valor
        from "postgres"."aps"."DATA_D_BO_000000447_02"
         union all 
    
        select
            titulo1,
            titulo3,
            modalidad,
            ramo,
            nv1,
            nv2,
            fecha,
            valor
        from "postgres"."aps"."DATA_D_BO_000000447_03"
         union all 
    
        select
            titulo1,
            titulo3,
            modalidad,
            ramo,
            nv1,
            nv2,
            fecha,
            valor
        from "postgres"."aps"."DATA_D_BO_000000447_04"
         union all 
    
        select
            titulo1,
            titulo3,
            modalidad,
            ramo,
            nv1,
            nv2,
            fecha,
            valor
        from "postgres"."aps"."DATA_D_BO_000000447_05"
         union all 
    
        select
            titulo1,
            titulo3,
            modalidad,
            ramo,
            nv1,
            nv2,
            fecha,
            valor
        from "postgres"."aps"."DATA_D_BO_000000447_06"
         union all 
    
        select
            titulo1,
            titulo3,
            modalidad,
            ramo,
            nv1,
            nv2,
            fecha,
            valor
        from "postgres"."aps"."DATA_D_BO_000000447_07"
         union all 
    
        select
            titulo1,
            titulo3,
            modalidad,
            ramo,
            nv1,
            nv2,
            fecha,
            valor
        from "postgres"."aps"."DATA_D_BO_000000447_08"
         union all 
    
        select
            titulo1,
            titulo3,
            modalidad,
            ramo,
            nv1,
            nv2,
            fecha,
            valor
        from "postgres"."aps"."DATA_D_BO_000000447_09"
         union all 
    
        select
            titulo1,
            titulo3,
            modalidad,
            ramo,
            nv1,
            nv2,
            fecha,
            valor
        from "postgres"."aps"."DATA_D_BO_000000447_10"
         union all 
    
        select
            titulo1,
            titulo3,
            modalidad,
            ramo,
            nv1,
            nv2,
            fecha,
            valor
        from "postgres"."aps"."DATA_D_BO_000000447_11"
         union all 
    
        select
            titulo1,
            titulo3,
            modalidad,
            ramo,
            nv1,
            nv2,
            fecha,
            valor
        from "postgres"."aps"."DATA_D_BO_000000447_12"
         union all 
    
        select
            titulo1,
            titulo3,
            modalidad,
            ramo,
            nv1,
            nv2,
            fecha,
            valor
        from "postgres"."aps"."DATA_D_BO_000000447_13"
         union all 
    
        select
            titulo1,
            titulo3,
            modalidad,
            ramo,
            nv1,
            nv2,
            fecha,
            valor
        from "postgres"."aps"."DATA_D_BO_000000447_14"
         union all 
    
        select
            titulo1,
            titulo3,
            modalidad,
            ramo,
            nv1,
            nv2,
            fecha,
            valor
        from "postgres"."aps"."DATA_D_BO_000000447_15"
         union all 
    
        select
            titulo1,
            titulo3,
            modalidad,
            ramo,
            nv1,
            nv2,
            fecha,
            valor
        from "postgres"."aps"."DATA_D_BO_000000447_16"
         union all 
    
        select
            titulo1,
            titulo3,
            modalidad,
            ramo,
            nv1,
            nv2,
            fecha,
            valor
        from "postgres"."aps"."DATA_D_BO_000000447_17"
         union all 
    
        select
            titulo1,
            titulo3,
            modalidad,
            ramo,
            nv1,
            nv2,
            fecha,
            valor
        from "postgres"."aps"."DATA_D_BO_000000447_18"
        
    

 ) u
  );
[0m17:00:45.259828 [debug] [Thread-1 (]: Opening a new connection, currently in state init
[0m17:00:45.278123 [debug] [Thread-1 (]: Postgres adapter: Postgres error: relation "aps.DATA_D_BO_000000447_01" does not exist
LINE 42:         from "postgres"."aps"."DATA_D_BO_000000447_01"
                      ^

[0m17:00:45.278513 [debug] [Thread-1 (]: On model.cubo_158.stg_produccion_siniestros: ROLLBACK
[0m17:00:45.279296 [debug] [Thread-1 (]: On model.cubo_158.stg_produccion_siniestros: Close
[0m17:00:45.284658 [debug] [Thread-1 (]: Database Error in model stg_produccion_siniestros (models\staging\stg_produccion_siniestros.sql)
  relation "aps.DATA_D_BO_000000447_01" does not exist
  LINE 42:         from "postgres"."aps"."DATA_D_BO_000000447_01"
                        ^
  compiled code at target\run\cubo_158\models\staging\stg_produccion_siniestros.sql
[0m17:00:45.286379 [debug] [Thread-1 (]: Sending event: {'category': 'dbt', 'action': 'run_model', 'label': 'f1d3bc8b-20e2-4e70-b0c7-289300c3c450', 'context': [<snowplow_tracker.self_describing_json.SelfDescribingJson object at 0x0000021BE1AC3E90>]}
[0m17:00:45.286880 [error] [Thread-1 (]: 1 of 3 ERROR creating sql view model public.stg_produccion_siniestros .......... [[31mERROR[0m in 0.07s]
[0m17:00:45.287505 [debug] [Thread-1 (]: Finished running node model.cubo_158.stg_produccion_siniestros
[0m17:00:45.287948 [debug] [Thread-7 (]: Marking all children of 'model.cubo_158.stg_produccion_siniestros' to be skipped because of status 'error'.  Reason: Database Error in model stg_produccion_siniestros (models\staging\stg_produccion_siniestros.sql)
  relation "aps.DATA_D_BO_000000447_01" does not exist
  LINE 42:         from "postgres"."aps"."DATA_D_BO_000000447_01"
                        ^
  compiled code at target\run\cubo_158\models\staging\stg_produccion_siniestros.sql.
[0m17:00:45.288954 [debug] [Thread-2 (]: Began running node model.cubo_158.int_desacumulado
[0m17:00:45.289369 [info ] [Thread-2 (]: 2 of 3 SKIP relation public.int_desacumulado ................................... [[33mSKIP[0m]
[0m17:00:45.289886 [debug] [Thread-2 (]: Finished running node model.cubo_158.int_desacumulado
[0m17:00:45.290407 [debug] [Thread-3 (]: Began running node model.cubo_158.resultado_158
[0m17:00:45.290745 [info ] [Thread-3 (]: 3 of 3 SKIP relation public.resultado_158 ...................................... [[33mSKIP[0m]
[0m17:00:45.291103 [debug] [Thread-3 (]: Finished running node model.cubo_158.resultado_158
[0m17:00:45.292306 [debug] [MainThread]: On master: COMMIT
[0m17:00:45.292547 [debug] [MainThread]: Using postgres connection "master"
[0m17:00:45.292733 [debug] [MainThread]: On master: COMMIT
[0m17:00:45.292898 [debug] [MainThread]: Opening a new connection, currently in state closed
[0m17:00:45.301972 [debug] [MainThread]: SQL status: COMMIT in 0.009 seconds
[0m17:00:45.302258 [debug] [MainThread]: On master: Close
[0m17:00:45.302591 [debug] [MainThread]: Connection 'master' was properly closed.
[0m17:00:45.302852 [debug] [MainThread]: Connection 'list_postgres' was properly closed.
[0m17:00:45.303058 [debug] [MainThread]: Connection 'list_postgres_public' was properly closed.
[0m17:00:45.303217 [debug] [MainThread]: Connection 'model.cubo_158.stg_produccion_siniestros' was properly closed.
[0m17:00:45.303440 [info ] [MainThread]: 
[0m17:00:45.303684 [info ] [MainThread]: Finished running 1 table model, 2 view models in 0 hours 0 minutes and 0.24 seconds (0.24s).
[0m17:00:45.304176 [debug] [MainThread]: Command end result
[0m17:00:45.334025 [debug] [MainThread]: Wrote artifact WritableManifest to C:\Users\kill\Desktop\datax\Trabajo 1\paquete_cubo158\dbt_158\target\manifest.json
[0m17:00:45.336844 [debug] [MainThread]: Wrote artifact SemanticManifest to C:\Users\kill\Desktop\datax\Trabajo 1\paquete_cubo158\dbt_158\target\semantic_manifest.json
[0m17:00:45.339557 [debug] [MainThread]: Wrote artifact OsiDocument to C:\Users\kill\Desktop\datax\Trabajo 1\paquete_cubo158\dbt_158\target\osi_document.json
[0m17:00:45.344910 [debug] [MainThread]: Wrote artifact RunExecutionResult to C:\Users\kill\Desktop\datax\Trabajo 1\paquete_cubo158\dbt_158\target\run_results.json
[0m17:00:45.345162 [info ] [MainThread]: 
[0m17:00:45.345556 [info ] [MainThread]: [31mCompleted with 1 error, 0 partial successes, and 0 warnings:[0m
[0m17:00:45.345879 [info ] [MainThread]: 
[0m17:00:45.346208 [error] [MainThread]: [[31mERROR[0m]: in model stg_produccion_siniestros (models\staging\stg_produccion_siniestros.sql)
[0m17:00:45.346538 [error] [MainThread]:   Database Error in model stg_produccion_siniestros (models\staging\stg_produccion_siniestros.sql)
  relation "aps.DATA_D_BO_000000447_01" does not exist
  LINE 42:         from "postgres"."aps"."DATA_D_BO_000000447_01"
                        ^
  compiled code at target\run\cubo_158\models\staging\stg_produccion_siniestros.sql
[0m17:00:45.346811 [info ] [MainThread]: 
[0m17:00:45.347083 [info ] [MainThread]:   compiled code at target\compiled\cubo_158\models\staging\stg_produccion_siniestros.sql
[0m17:00:45.347292 [info ] [MainThread]: 
[0m17:00:45.347518 [info ] [MainThread]: Done. PASS=0 WARN=0 ERROR=1 SKIP=2 NO-OP=0 REUSED=0 TOTAL=3
[0m17:00:45.348110 [debug] [MainThread]: Command `dbt run` failed at 17:00:45.348026 after 1.33 seconds
[0m17:00:45.348348 [debug] [MainThread]: Sending event: {'category': 'dbt', 'action': 'invocation', 'label': 'end', 'context': [<snowplow_tracker.self_describing_json.SelfDescribingJson object at 0x0000021BE1E2CD60>, <snowplow_tracker.self_describing_json.SelfDescribingJson object at 0x0000021BE1ED7070>, <snowplow_tracker.self_describing_json.SelfDescribingJson object at 0x0000021BE1ED6530>]}
[0m17:00:45.348599 [debug] [MainThread]: Flushing usage events
[0m17:00:46.159543 [debug] [MainThread]: An error was encountered while trying to flush usage events
[0m17:05:55.893173 [debug] [MainThread]: Sending event: {'category': 'dbt', 'action': 'invocation', 'label': 'start', 'context': [<snowplow_tracker.self_describing_json.SelfDescribingJson object at 0x00000140FBE61D30>, <snowplow_tracker.self_describing_json.SelfDescribingJson object at 0x00000140FE653ED0>, <snowplow_tracker.self_describing_json.SelfDescribingJson object at 0x00000140FE653B10>]}


============================== 17:05:55.896988 | 29b7b938-6d20-450f-a08b-149547de7e00 ==============================
[0m17:05:55.896988 [info ] [MainThread]: Running with dbt=1.12.2
[0m17:05:55.897486 [debug] [MainThread]: running dbt with arguments {'static_parser': 'True', 'no_print': 'None', 'version_check': 'True', 'target_path': 'None', 'warn_error_options': 'WarnErrorOptionsV2(error=[], warn=[], silence=[])', 'maximum_seed_size_mib': '1', 'printer_width': '80', 'write_json': 'True', 'empty': 'False', 'log_cache_events': 'False', 'introspect': 'True', 'cache_selected_only': 'False', 'log_format': 'default', 'debug': 'False', 'fail_fast': 'False', 'profiles_dir': 'C:\\Users\\kill\\.dbt', 'send_anonymous_usage_stats': 'True', 'quiet': 'False', 'warn_error': 'None', 'partial_parse': 'True', 'indirect_selection': 'eager', 'hints_enabled': 'True', 'use_colors': 'True', 'use_experimental_parser': 'False', 'invocation_command': 'dbt run', 'log_path': 'C:\\Users\\kill\\Desktop\\datax\\Trabajo 1\\paquete_cubo158\\dbt_158\\logs'}
[0m17:05:56.048391 [debug] [MainThread]: Sending event: {'category': 'dbt', 'action': 'project_id', 'label': '29b7b938-6d20-450f-a08b-149547de7e00', 'context': [<snowplow_tracker.self_describing_json.SelfDescribingJson object at 0x00000140FC54EC40>]}
[0m17:05:56.106558 [debug] [MainThread]: Sending event: {'category': 'dbt', 'action': 'adapter_info', 'label': '29b7b938-6d20-450f-a08b-149547de7e00', 'context': [<snowplow_tracker.self_describing_json.SelfDescribingJson object at 0x00000140FBD13020>]}
[0m17:05:56.107905 [info ] [MainThread]: Registered adapter: postgres=1.11.0
[0m17:05:56.304201 [debug] [MainThread]: checksum: d90eabb28bcd83b1f62f14c26fce4b8be3d7b4ed130b1ec8e7fdf9a5f3602a01, vars: {}, profile: cubo_158, target: dev, version: 1.12.2
[0m17:05:56.434465 [info ] [MainThread]: Unable to do partial parsing because profile has changed
[0m17:05:56.435086 [debug] [MainThread]: Sending event: {'category': 'dbt', 'action': 'partial_parser', 'label': '29b7b938-6d20-450f-a08b-149547de7e00', 'context': [<snowplow_tracker.self_describing_json.SelfDescribingJson object at 0x00000140FEF83450>]}
[0m17:05:57.466651 [debug] [MainThread]: Sending event: {'category': 'dbt', 'action': 'load_project', 'label': '29b7b938-6d20-450f-a08b-149547de7e00', 'context': [<snowplow_tracker.self_describing_json.SelfDescribingJson object at 0x00000140FE7265D0>]}
[0m17:05:57.542249 [debug] [MainThread]: Wrote artifact WritableManifest to C:\Users\kill\Desktop\datax\Trabajo 1\paquete_cubo158\dbt_158\target\manifest.json
[0m17:05:57.544839 [debug] [MainThread]: Wrote artifact SemanticManifest to C:\Users\kill\Desktop\datax\Trabajo 1\paquete_cubo158\dbt_158\target\semantic_manifest.json
[0m17:05:57.565642 [debug] [MainThread]: Wrote artifact OsiDocument to C:\Users\kill\Desktop\datax\Trabajo 1\paquete_cubo158\dbt_158\target\osi_document.json
[0m17:05:57.577574 [debug] [MainThread]: Sending event: {'category': 'dbt', 'action': 'resource_counts', 'label': '29b7b938-6d20-450f-a08b-149547de7e00', 'context': [<snowplow_tracker.self_describing_json.SelfDescribingJson object at 0x00000140FF2B5C50>]}
[0m17:05:57.577905 [info ] [MainThread]: Found 3 models, 1 seed, 18 sources, 478 macros
[0m17:05:57.578258 [debug] [MainThread]: Sending event: {'category': 'dbt', 'action': 'runnable_timing', 'label': '29b7b938-6d20-450f-a08b-149547de7e00', 'context': [<snowplow_tracker.self_describing_json.SelfDescribingJson object at 0x00000140FF04F5F0>]}
[0m17:05:57.579663 [info ] [MainThread]: 
[0m17:05:57.579978 [info ] [MainThread]: Concurrency: 4 threads (target='dev')
[0m17:05:57.580207 [info ] [MainThread]: 
[0m17:05:57.580602 [debug] [MainThread]: Acquiring new postgres connection 'master'
[0m17:05:57.583442 [debug] [ThreadPool]: Acquiring new postgres connection 'list_copia'
[0m17:05:57.641636 [debug] [ThreadPool]: Using postgres connection "list_copia"
[0m17:05:57.641981 [debug] [ThreadPool]: On list_copia: /* {"app": "dbt", "dbt_version": "1.12.2", "profile_name": "cubo_158", "target_name": "dev", "connection_name": "list_copia"} */

    select distinct nspname from pg_namespace
  
[0m17:05:57.642238 [debug] [ThreadPool]: Opening a new connection, currently in state init
[0m17:05:57.664506 [debug] [ThreadPool]: SQL status: SELECT 4 in 0.022 seconds
[0m17:05:57.665584 [debug] [ThreadPool]: On list_copia: Close
[0m17:05:57.667158 [debug] [ThreadPool]: Acquiring new postgres connection 'list_copia_public'
[0m17:05:57.670771 [debug] [ThreadPool]: Using postgres connection "list_copia_public"
[0m17:05:57.671050 [debug] [ThreadPool]: On list_copia_public: /* {"app": "dbt", "dbt_version": "1.12.2", "profile_name": "cubo_158", "target_name": "dev", "connection_name": "list_copia_public"} */
select
      'copia' as database,
      tablename as name,
      schemaname as schema,
      'table' as type
    from pg_tables
    where schemaname ilike 'public'
    union all
    select
      'copia' as database,
      viewname as name,
      schemaname as schema,
      'view' as type
    from pg_views
    where schemaname ilike 'public'
    union all
    select
      'copia' as database,
      matviewname as name,
      schemaname as schema,
      'materialized_view' as type
    from pg_matviews
    where schemaname ilike 'public'
    union all
    select distinct
     'copia' as database,
     proname as name,
     ns.nspname as schema,
     'function' as type
    from pg_proc
     join pg_namespace as ns on pronamespace = ns.oid
    where ns.nspname ilike 'public'
  
[0m17:05:57.671284 [debug] [ThreadPool]: Opening a new connection, currently in state init
[0m17:05:57.717214 [debug] [ThreadPool]: SQL status: SELECT 55 in 0.046 seconds
[0m17:05:57.718535 [debug] [ThreadPool]: On list_copia_public: ROLLBACK
[0m17:05:57.719285 [debug] [ThreadPool]: On list_copia_public: Close
[0m17:05:57.727981 [debug] [MainThread]: Using postgres connection "master"
[0m17:05:57.728327 [debug] [MainThread]: On master: /* {"app": "dbt", "dbt_version": "1.12.2", "profile_name": "cubo_158", "target_name": "dev", "connection_name": "master"} */
select distinct
        dependent_namespace.nspname as dependent_schema,
        dependent_class.relname as dependent_name,
        referenced_namespace.nspname as referenced_schema,
        referenced_class.relname as referenced_name

    -- Query for views: views are entries in pg_class with an entry in pg_rewrite, but we avoid
    -- a seq scan on pg_rewrite by leveraging the fact there is an "internal" row in pg_depend for
    -- the view...
    from pg_class as dependent_class
    join pg_namespace as dependent_namespace on dependent_namespace.oid = dependent_class.relnamespace
    join pg_depend as dependent_depend on dependent_depend.refobjid = dependent_class.oid
        and dependent_depend.classid = 'pg_rewrite'::regclass
        and dependent_depend.refclassid = 'pg_class'::regclass
        and dependent_depend.deptype = 'i'

    -- ... and via pg_depend (that has a row per column, hence the need for "distinct" above, and
    -- making sure to exclude the internal row to avoid a view appearing to depend on itself)...
    join pg_depend as joining_depend on joining_depend.objid = dependent_depend.objid
        and joining_depend.classid = 'pg_rewrite'::regclass
        and joining_depend.refclassid = 'pg_class'::regclass
        and joining_depend.refobjid != dependent_depend.refobjid

    -- ... we can find the tables they query from in pg_class, but excluding system tables. Note we
    -- don't need need to exclude _dependent_ system tables, because they only query from other
    -- system tables, and so are automatically excluded by excluding _referenced_ system tables
    join pg_class as referenced_class on referenced_class.oid = joining_depend.refobjid
    join pg_namespace as referenced_namespace on referenced_namespace.oid = referenced_class.relnamespace
        and referenced_namespace.nspname != 'information_schema'
        and referenced_namespace.nspname not like 'pg\_%'

    order by
        dependent_schema, dependent_name, referenced_schema, referenced_name;
[0m17:05:57.728609 [debug] [MainThread]: Opening a new connection, currently in state init
[0m17:05:57.747321 [debug] [MainThread]: SQL status: SELECT 0 in 0.019 seconds
[0m17:05:57.748098 [debug] [MainThread]: Sending event: {'category': 'dbt', 'action': 'runnable_timing', 'label': '29b7b938-6d20-450f-a08b-149547de7e00', 'context': [<snowplow_tracker.self_describing_json.SelfDescribingJson object at 0x00000140FF5BFF50>]}
[0m17:05:57.748389 [debug] [MainThread]: On master: ROLLBACK
[0m17:05:57.749040 [debug] [MainThread]: On master: COMMIT
[0m17:05:57.749254 [debug] [MainThread]: Using postgres connection "master"
[0m17:05:57.749415 [debug] [MainThread]: On master: COMMIT
[0m17:05:57.750330 [debug] [MainThread]: SQL status: COMMIT in 0.001 seconds
[0m17:05:57.750530 [debug] [MainThread]: On master: Close
[0m17:05:57.753345 [debug] [Thread-1 (]: Began running node model.cubo_158.stg_produccion_siniestros
[0m17:05:57.753681 [info ] [Thread-1 (]: 1 of 3 START sql view model public.stg_produccion_siniestros ................... [RUN]
[0m17:05:57.754081 [debug] [Thread-1 (]: Acquiring new postgres connection 'model.cubo_158.stg_produccion_siniestros'
[0m17:05:57.754359 [debug] [Thread-1 (]: Began compiling node model.cubo_158.stg_produccion_siniestros
[0m17:05:57.759537 [debug] [Thread-1 (]: Writing injected SQL for node "model.cubo_158.stg_produccion_siniestros"
[0m17:05:57.760368 [debug] [Thread-1 (]: Began executing node model.cubo_158.stg_produccion_siniestros
[0m17:05:57.787063 [debug] [Thread-1 (]: Writing runtime sql for node "model.cubo_158.stg_produccion_siniestros"
[0m17:05:57.788167 [debug] [Thread-1 (]: Using postgres connection "model.cubo_158.stg_produccion_siniestros"
[0m17:05:57.788576 [debug] [Thread-1 (]: On model.cubo_158.stg_produccion_siniestros: /* {"app": "dbt", "dbt_version": "1.12.2", "profile_name": "cubo_158", "target_name": "dev", "node_id": "model.cubo_158.stg_produccion_siniestros"} */

  create view "copia"."public"."stg_produccion_siniestros__dbt_tmp"
    
    
  as (
    

-- T3: concatenacion de las 18 tablas (via el macro)
-- T1: titulo1 -> Tipo (Produccion/Siniestros) ; titulo3 -> Departamento
-- T8: normalizacion de texto (Departamento en Title Case, ej. "la PAZ" -> "La Paz")
-- T7: fecha ya viene como DATE, solo se descompone en Anio/Mes en el mart final
-- T9: normalizacion del codigo de compania (nv2) -- el catalogo completo se aplica en el mart

select
    case
        when titulo1 ilike '%Producci%' then 'Produccion'
        when titulo1 ilike '%Siniestro%' then 'Siniestros'
        else titulo1
    end                                            as tipo,             -- T1 (derivado de titulo1)
    initcap(lower(trim(titulo3)))                   as departamento,     -- T1 + T8
    modalidad,
    ramo,
    nv1                                              as tipo_entidad,
    trim(nv2)                                        as compania_raw,    -- T8 (trim)
    fecha,
    valor                                            as valor_usd        -- ya viene limpio (T12 resuelto en la ingesta)
from ( 

    

    
        select
            titulo1,
            titulo3,
            modalidad,
            ramo,
            nv1,
            nv2,
            fecha,
            valor
        from "copia"."public"."data_d_bo_000000447_01"
         union all 
    
        select
            titulo1,
            titulo3,
            modalidad,
            ramo,
            nv1,
            nv2,
            fecha,
            valor
        from "copia"."public"."data_d_bo_000000447_02"
         union all 
    
        select
            titulo1,
            titulo3,
            modalidad,
            ramo,
            nv1,
            nv2,
            fecha,
            valor
        from "copia"."public"."data_d_bo_000000447_03"
         union all 
    
        select
            titulo1,
            titulo3,
            modalidad,
            ramo,
            nv1,
            nv2,
            fecha,
            valor
        from "copia"."public"."data_d_bo_000000447_04"
         union all 
    
        select
            titulo1,
            titulo3,
            modalidad,
            ramo,
            nv1,
            nv2,
            fecha,
            valor
        from "copia"."public"."data_d_bo_000000447_05"
         union all 
    
        select
            titulo1,
            titulo3,
            modalidad,
            ramo,
            nv1,
            nv2,
            fecha,
            valor
        from "copia"."public"."data_d_bo_000000447_06"
         union all 
    
        select
            titulo1,
            titulo3,
            modalidad,
            ramo,
            nv1,
            nv2,
            fecha,
            valor
        from "copia"."public"."data_d_bo_000000447_07"
         union all 
    
        select
            titulo1,
            titulo3,
            modalidad,
            ramo,
            nv1,
            nv2,
            fecha,
            valor
        from "copia"."public"."data_d_bo_000000447_08"
         union all 
    
        select
            titulo1,
            titulo3,
            modalidad,
            ramo,
            nv1,
            nv2,
            fecha,
            valor
        from "copia"."public"."data_d_bo_000000447_09"
         union all 
    
        select
            titulo1,
            titulo3,
            modalidad,
            ramo,
            nv1,
            nv2,
            fecha,
            valor
        from "copia"."public"."data_d_bo_000000447_10"
         union all 
    
        select
            titulo1,
            titulo3,
            modalidad,
            ramo,
            nv1,
            nv2,
            fecha,
            valor
        from "copia"."public"."data_d_bo_000000447_11"
         union all 
    
        select
            titulo1,
            titulo3,
            modalidad,
            ramo,
            nv1,
            nv2,
            fecha,
            valor
        from "copia"."public"."data_d_bo_000000447_12"
         union all 
    
        select
            titulo1,
            titulo3,
            modalidad,
            ramo,
            nv1,
            nv2,
            fecha,
            valor
        from "copia"."public"."data_d_bo_000000447_13"
         union all 
    
        select
            titulo1,
            titulo3,
            modalidad,
            ramo,
            nv1,
            nv2,
            fecha,
            valor
        from "copia"."public"."data_d_bo_000000447_14"
         union all 
    
        select
            titulo1,
            titulo3,
            modalidad,
            ramo,
            nv1,
            nv2,
            fecha,
            valor
        from "copia"."public"."data_d_bo_000000447_15"
         union all 
    
        select
            titulo1,
            titulo3,
            modalidad,
            ramo,
            nv1,
            nv2,
            fecha,
            valor
        from "copia"."public"."data_d_bo_000000447_16"
         union all 
    
        select
            titulo1,
            titulo3,
            modalidad,
            ramo,
            nv1,
            nv2,
            fecha,
            valor
        from "copia"."public"."data_d_bo_000000447_17"
         union all 
    
        select
            titulo1,
            titulo3,
            modalidad,
            ramo,
            nv1,
            nv2,
            fecha,
            valor
        from "copia"."public"."data_d_bo_000000447_18"
        
    

 ) u
  );
[0m17:05:57.788935 [debug] [Thread-1 (]: Opening a new connection, currently in state init
[0m17:05:57.835777 [debug] [Thread-1 (]: SQL status: CREATE VIEW in 0.047 seconds
[0m17:05:57.839186 [debug] [Thread-1 (]: Using postgres connection "model.cubo_158.stg_produccion_siniestros"
[0m17:05:57.839424 [debug] [Thread-1 (]: On model.cubo_158.stg_produccion_siniestros: /* {"app": "dbt", "dbt_version": "1.12.2", "profile_name": "cubo_158", "target_name": "dev", "node_id": "model.cubo_158.stg_produccion_siniestros"} */
alter table "copia"."public"."stg_produccion_siniestros__dbt_tmp" rename to "stg_produccion_siniestros"
[0m17:05:57.840515 [debug] [Thread-1 (]: SQL status: ALTER TABLE in 0.001 seconds
[0m17:05:57.853344 [debug] [Thread-1 (]: On model.cubo_158.stg_produccion_siniestros: COMMIT
[0m17:05:57.853822 [debug] [Thread-1 (]: Using postgres connection "model.cubo_158.stg_produccion_siniestros"
[0m17:05:57.854194 [debug] [Thread-1 (]: On model.cubo_158.stg_produccion_siniestros: COMMIT
[0m17:05:57.857750 [debug] [Thread-1 (]: SQL status: COMMIT in 0.003 seconds
[0m17:05:57.862226 [debug] [Thread-1 (]: Applying DROP to: "copia"."public"."stg_produccion_siniestros__dbt_backup"
[0m17:05:57.865215 [debug] [Thread-1 (]: Using postgres connection "model.cubo_158.stg_produccion_siniestros"
[0m17:05:57.865483 [debug] [Thread-1 (]: On model.cubo_158.stg_produccion_siniestros: /* {"app": "dbt", "dbt_version": "1.12.2", "profile_name": "cubo_158", "target_name": "dev", "node_id": "model.cubo_158.stg_produccion_siniestros"} */
drop view if exists "copia"."public"."stg_produccion_siniestros__dbt_backup" cascade
[0m17:05:57.867488 [debug] [Thread-1 (]: SQL status: DROP VIEW in 0.002 seconds
[0m17:05:57.869075 [debug] [Thread-1 (]: On model.cubo_158.stg_produccion_siniestros: Close
[0m17:05:57.871052 [debug] [Thread-1 (]: Sending event: {'category': 'dbt', 'action': 'run_model', 'label': '29b7b938-6d20-450f-a08b-149547de7e00', 'context': [<snowplow_tracker.self_describing_json.SelfDescribingJson object at 0x00000140FF8EC680>]}
[0m17:05:57.871525 [info ] [Thread-1 (]: 1 of 3 OK created sql view model public.stg_produccion_siniestros .............. [[32mCREATE VIEW[0m in 0.12s]
[0m17:05:57.872018 [debug] [Thread-1 (]: Finished running node model.cubo_158.stg_produccion_siniestros
[0m17:05:57.872500 [debug] [Thread-2 (]: Began running node model.cubo_158.int_desacumulado
[0m17:05:57.872840 [info ] [Thread-2 (]: 2 of 3 START sql view model public.int_desacumulado ............................ [RUN]
[0m17:05:57.873345 [debug] [Thread-2 (]: Acquiring new postgres connection 'model.cubo_158.int_desacumulado'
[0m17:05:57.873572 [debug] [Thread-2 (]: Began compiling node model.cubo_158.int_desacumulado
[0m17:05:57.874979 [debug] [Thread-2 (]: Writing injected SQL for node "model.cubo_158.int_desacumulado"
[0m17:05:57.875799 [debug] [Thread-2 (]: Began executing node model.cubo_158.int_desacumulado
[0m17:05:57.878081 [debug] [Thread-2 (]: Writing runtime sql for node "model.cubo_158.int_desacumulado"
[0m17:05:57.878842 [debug] [Thread-2 (]: Using postgres connection "model.cubo_158.int_desacumulado"
[0m17:05:57.879102 [debug] [Thread-2 (]: On model.cubo_158.int_desacumulado: /* {"app": "dbt", "dbt_version": "1.12.2", "profile_name": "cubo_158", "target_name": "dev", "node_id": "model.cubo_158.int_desacumulado"} */

  create view "copia"."public"."int_desacumulado__dbt_tmp"
    
    
  as (
    

-- T6: Desacumulacion. La fuente reporta el acumulado del anio calendario hasta la fecha
-- (se resetea cada Enero). El valor real del mes = acumulado actual - acumulado del mes
-- anterior DENTRO DEL MISMO ANIO. Enero = el acumulado tal cual (no hay mes previo que restar).

with base as (

    select
        tipo,
        departamento,
        modalidad,
        ramo,
        tipo_entidad,
        compania_raw,
        fecha,
        extract(year from fecha)::int  as anio,
        valor_usd                      as acumulado_usd,
        lag(valor_usd) over (
            partition by tipo, departamento, modalidad, ramo, compania_raw, extract(year from fecha)
            order by fecha
        ) as acumulado_mes_anterior

    from "copia"."public"."stg_produccion_siniestros"

)

select
    tipo,
    departamento,
    modalidad,
    ramo,
    tipo_entidad,
    compania_raw,
    fecha,
    anio,
    extract(month from fecha)::int as mes_num,
    case
        when acumulado_mes_anterior is null then acumulado_usd                       -- enero (o primer mes con dato del anio)
        else acumulado_usd - acumulado_mes_anterior
    end as valor_usd_mensual

from base
  );
[0m17:05:57.879357 [debug] [Thread-2 (]: Opening a new connection, currently in state init
[0m17:05:57.900373 [debug] [Thread-2 (]: SQL status: CREATE VIEW in 0.021 seconds
[0m17:05:57.901800 [debug] [Thread-2 (]: Using postgres connection "model.cubo_158.int_desacumulado"
[0m17:05:57.902053 [debug] [Thread-2 (]: On model.cubo_158.int_desacumulado: /* {"app": "dbt", "dbt_version": "1.12.2", "profile_name": "cubo_158", "target_name": "dev", "node_id": "model.cubo_158.int_desacumulado"} */
alter table "copia"."public"."int_desacumulado__dbt_tmp" rename to "int_desacumulado"
[0m17:05:57.902833 [debug] [Thread-2 (]: SQL status: ALTER TABLE in 0.001 seconds
[0m17:05:57.903779 [debug] [Thread-2 (]: On model.cubo_158.int_desacumulado: COMMIT
[0m17:05:57.904070 [debug] [Thread-2 (]: Using postgres connection "model.cubo_158.int_desacumulado"
[0m17:05:57.904294 [debug] [Thread-2 (]: On model.cubo_158.int_desacumulado: COMMIT
[0m17:05:57.906903 [debug] [Thread-2 (]: SQL status: COMMIT in 0.002 seconds
[0m17:05:57.908480 [debug] [Thread-2 (]: Applying DROP to: "copia"."public"."int_desacumulado__dbt_backup"
[0m17:05:57.908983 [debug] [Thread-2 (]: Using postgres connection "model.cubo_158.int_desacumulado"
[0m17:05:57.909273 [debug] [Thread-2 (]: On model.cubo_158.int_desacumulado: /* {"app": "dbt", "dbt_version": "1.12.2", "profile_name": "cubo_158", "target_name": "dev", "node_id": "model.cubo_158.int_desacumulado"} */
drop view if exists "copia"."public"."int_desacumulado__dbt_backup" cascade
[0m17:05:57.910108 [debug] [Thread-2 (]: SQL status: DROP VIEW in 0.000 seconds
[0m17:05:57.911264 [debug] [Thread-2 (]: On model.cubo_158.int_desacumulado: Close
[0m17:05:57.911981 [debug] [Thread-2 (]: Sending event: {'category': 'dbt', 'action': 'run_model', 'label': '29b7b938-6d20-450f-a08b-149547de7e00', 'context': [<snowplow_tracker.self_describing_json.SelfDescribingJson object at 0x00000140FF91ECB0>]}
[0m17:05:57.912526 [info ] [Thread-2 (]: 2 of 3 OK created sql view model public.int_desacumulado ....................... [[32mCREATE VIEW[0m in 0.04s]
[0m17:05:57.913190 [debug] [Thread-2 (]: Finished running node model.cubo_158.int_desacumulado
[0m17:05:57.913808 [debug] [Thread-3 (]: Began running node model.cubo_158.resultado_158
[0m17:05:57.914243 [info ] [Thread-3 (]: 3 of 3 START sql table model public.resultado_158 .............................. [RUN]
[0m17:05:57.914806 [debug] [Thread-3 (]: Acquiring new postgres connection 'model.cubo_158.resultado_158'
[0m17:05:57.915081 [debug] [Thread-3 (]: Began compiling node model.cubo_158.resultado_158
[0m17:05:57.917039 [debug] [Thread-3 (]: Writing injected SQL for node "model.cubo_158.resultado_158"
[0m17:05:57.918269 [debug] [Thread-3 (]: Began executing node model.cubo_158.resultado_158
[0m17:05:57.932058 [debug] [Thread-3 (]: Writing runtime sql for node "model.cubo_158.resultado_158"
[0m17:05:57.933348 [debug] [Thread-3 (]: Using postgres connection "model.cubo_158.resultado_158"
[0m17:05:57.933719 [debug] [Thread-3 (]: On model.cubo_158.resultado_158: /* {"app": "dbt", "dbt_version": "1.12.2", "profile_name": "cubo_158", "target_name": "dev", "node_id": "model.cubo_158.resultado_158"} */

  
    

  create  table "copia"."public"."resultado_158__dbt_tmp"
  
  
    as
  
  (
    

-- T9: catalogo de compania (reutiliza el patron ya conocido del proyecto -- VERIFICAR,
--     ver nota en el chat: los catalogos no son universales entre cubos)
-- T4: conversion de moneda, Bs = USD x 6.86
-- T11: Produccion y Siniestros se combinan en la misma fila (columnas separadas)
--      -- esto es lo que "no existe en ningun archivo por separado"

with con_catalogo as (

    select
        d.tipo,
        d.departamento,
        d.modalidad,
        d.ramo,
        c.clean_code            as compania,
        d.anio,
        d.mes_num,
        d.fecha,
        d.valor_usd_mensual,
        round(d.valor_usd_mensual * 6.86, 2) as valor_bs_mensual
    from "copia"."public"."int_desacumulado" d
    left join "copia"."public"."cat_compania" c on c.raw_code = d.compania_raw

)

select
    departamento,
    modalidad,
    ramo,
    compania,
    anio,
    mes_num,
    fecha,

    max(case when tipo = 'Produccion' then valor_usd_mensual end) as produccion_usd,
    max(case when tipo = 'Produccion' then valor_bs_mensual  end) as produccion_bs,
    max(case when tipo = 'Siniestros' then valor_usd_mensual end) as siniestros_usd,
    max(case when tipo = 'Siniestros' then valor_bs_mensual  end) as siniestros_bs

from con_catalogo
group by departamento, modalidad, ramo, compania, anio, mes_num, fecha
order by departamento, compania, ramo, fecha
  );
  
[0m17:05:57.934019 [debug] [Thread-3 (]: Opening a new connection, currently in state init
[0m17:05:57.945492 [debug] [Thread-3 (]: Postgres adapter: Postgres error: relation "public.cat_compania" does not exist
LINE 34:     left join "copia"."public"."cat_compania" c on c.raw_cod...
                       ^

[0m17:05:57.945881 [debug] [Thread-3 (]: On model.cubo_158.resultado_158: ROLLBACK
[0m17:05:57.946675 [debug] [Thread-3 (]: On model.cubo_158.resultado_158: Close
[0m17:05:57.952073 [debug] [Thread-3 (]: Database Error in model resultado_158 (models\marts\resultado_158.sql)
  relation "public.cat_compania" does not exist
  LINE 34:     left join "copia"."public"."cat_compania" c on c.raw_cod...
                         ^
  compiled code at target\run\cubo_158\models\marts\resultado_158.sql
[0m17:05:57.952457 [debug] [Thread-3 (]: Sending event: {'category': 'dbt', 'action': 'run_model', 'label': '29b7b938-6d20-450f-a08b-149547de7e00', 'context': [<snowplow_tracker.self_describing_json.SelfDescribingJson object at 0x00000140FF805BD0>]}
[0m17:05:57.952943 [error] [Thread-3 (]: 3 of 3 ERROR creating sql table model public.resultado_158 ..................... [[31mERROR[0m in 0.04s]
[0m17:05:57.953500 [debug] [Thread-3 (]: Finished running node model.cubo_158.resultado_158
[0m17:05:57.953889 [debug] [Thread-7 (]: Marking all children of 'model.cubo_158.resultado_158' to be skipped because of status 'error'.  Reason: Database Error in model resultado_158 (models\marts\resultado_158.sql)
  relation "public.cat_compania" does not exist
  LINE 34:     left join "copia"."public"."cat_compania" c on c.raw_cod...
                         ^
  compiled code at target\run\cubo_158\models\marts\resultado_158.sql.
[0m17:05:57.955217 [debug] [MainThread]: On master: COMMIT
[0m17:05:57.955456 [debug] [MainThread]: Using postgres connection "master"
[0m17:05:57.955646 [debug] [MainThread]: On master: COMMIT
[0m17:05:57.955809 [debug] [MainThread]: Opening a new connection, currently in state closed
[0m17:05:57.965216 [debug] [MainThread]: SQL status: COMMIT in 0.009 seconds
[0m17:05:57.965502 [debug] [MainThread]: On master: Close
[0m17:05:57.965849 [debug] [MainThread]: Connection 'master' was properly closed.
[0m17:05:57.966095 [debug] [MainThread]: Connection 'list_copia' was properly closed.
[0m17:05:57.966336 [debug] [MainThread]: Connection 'list_copia_public' was properly closed.
[0m17:05:57.966499 [debug] [MainThread]: Connection 'model.cubo_158.stg_produccion_siniestros' was properly closed.
[0m17:05:57.966640 [debug] [MainThread]: Connection 'model.cubo_158.int_desacumulado' was properly closed.
[0m17:05:57.966773 [debug] [MainThread]: Connection 'model.cubo_158.resultado_158' was properly closed.
[0m17:05:57.966994 [info ] [MainThread]: 
[0m17:05:57.967372 [info ] [MainThread]: Finished running 1 table model, 2 view models in 0 hours 0 minutes and 0.39 seconds (0.39s).
[0m17:05:57.968128 [debug] [MainThread]: Command end result
[0m17:05:57.998046 [debug] [MainThread]: Wrote artifact WritableManifest to C:\Users\kill\Desktop\datax\Trabajo 1\paquete_cubo158\dbt_158\target\manifest.json
[0m17:05:58.000777 [debug] [MainThread]: Wrote artifact SemanticManifest to C:\Users\kill\Desktop\datax\Trabajo 1\paquete_cubo158\dbt_158\target\semantic_manifest.json
[0m17:05:58.003526 [debug] [MainThread]: Wrote artifact OsiDocument to C:\Users\kill\Desktop\datax\Trabajo 1\paquete_cubo158\dbt_158\target\osi_document.json
[0m17:05:58.009694 [debug] [MainThread]: Wrote artifact RunExecutionResult to C:\Users\kill\Desktop\datax\Trabajo 1\paquete_cubo158\dbt_158\target\run_results.json
[0m17:05:58.009940 [info ] [MainThread]: 
[0m17:05:58.010307 [info ] [MainThread]: [31mCompleted with 1 error, 0 partial successes, and 0 warnings:[0m
[0m17:05:58.010621 [info ] [MainThread]: 
[0m17:05:58.010991 [error] [MainThread]: [[31mERROR[0m]: in model resultado_158 (models\marts\resultado_158.sql)
[0m17:05:58.011387 [error] [MainThread]:   Database Error in model resultado_158 (models\marts\resultado_158.sql)
  relation "public.cat_compania" does not exist
  LINE 34:     left join "copia"."public"."cat_compania" c on c.raw_cod...
                         ^
  compiled code at target\run\cubo_158\models\marts\resultado_158.sql
[0m17:05:58.011671 [info ] [MainThread]: 
[0m17:05:58.011964 [info ] [MainThread]:   compiled code at target\compiled\cubo_158\models\marts\resultado_158.sql
[0m17:05:58.012207 [info ] [MainThread]: 
[0m17:05:58.012470 [info ] [MainThread]: Done. PASS=2 WARN=0 ERROR=1 SKIP=0 NO-OP=0 REUSED=0 TOTAL=3
[0m17:05:58.013170 [debug] [MainThread]: Command `dbt run` failed at 17:05:58.013077 after 2.31 seconds
[0m17:05:58.013443 [debug] [MainThread]: Sending event: {'category': 'dbt', 'action': 'invocation', 'label': 'end', 'context': [<snowplow_tracker.self_describing_json.SelfDescribingJson object at 0x00000140FE6B5FD0>, <snowplow_tracker.self_describing_json.SelfDescribingJson object at 0x00000140F649A190>, <snowplow_tracker.self_describing_json.SelfDescribingJson object at 0x00000140FE3D7290>]}
[0m17:05:58.013699 [debug] [MainThread]: Flushing usage events
[0m17:05:58.928567 [debug] [MainThread]: An error was encountered while trying to flush usage events
[0m17:06:02.206456 [debug] [MainThread]: Sending event: {'category': 'dbt', 'action': 'invocation', 'label': 'start', 'context': [<snowplow_tracker.self_describing_json.SelfDescribingJson object at 0x000001C9AAC41D30>, <snowplow_tracker.self_describing_json.SelfDescribingJson object at 0x000001C9AD433ED0>, <snowplow_tracker.self_describing_json.SelfDescribingJson object at 0x000001C9AD433B10>]}


============================== 17:06:02.209875 | eb6a3888-83cc-480b-81ab-32de8cfbe0ff ==============================
[0m17:06:02.209875 [info ] [MainThread]: Running with dbt=1.12.2
[0m17:06:02.210345 [debug] [MainThread]: running dbt with arguments {'static_parser': 'True', 'no_print': 'None', 'version_check': 'True', 'warn_error_options': 'WarnErrorOptionsV2(error=[], warn=[], silence=[])', 'target_path': 'None', 'maximum_seed_size_mib': '1', 'printer_width': '80', 'write_json': 'True', 'empty': 'False', 'log_cache_events': 'False', 'introspect': 'True', 'cache_selected_only': 'False', 'fail_fast': 'False', 'debug': 'False', 'log_format': 'default', 'profiles_dir': 'C:\\Users\\kill\\.dbt', 'send_anonymous_usage_stats': 'True', 'quiet': 'False', 'warn_error': 'None', 'partial_parse': 'True', 'indirect_selection': 'eager', 'hints_enabled': 'True', 'invocation_command': 'dbt seed', 'use_experimental_parser': 'False', 'use_colors': 'True', 'log_path': 'C:\\Users\\kill\\Desktop\\datax\\Trabajo 1\\paquete_cubo158\\dbt_158\\logs'}
[0m17:06:02.370871 [debug] [MainThread]: Sending event: {'category': 'dbt', 'action': 'project_id', 'label': 'eb6a3888-83cc-480b-81ab-32de8cfbe0ff', 'context': [<snowplow_tracker.self_describing_json.SelfDescribingJson object at 0x000001C9AB32EC40>]}
[0m17:06:02.426123 [debug] [MainThread]: Sending event: {'category': 'dbt', 'action': 'adapter_info', 'label': 'eb6a3888-83cc-480b-81ab-32de8cfbe0ff', 'context': [<snowplow_tracker.self_describing_json.SelfDescribingJson object at 0x000001C9AAAEF020>]}
[0m17:06:02.427713 [info ] [MainThread]: Registered adapter: postgres=1.11.0
[0m17:06:02.626321 [debug] [MainThread]: checksum: d90eabb28bcd83b1f62f14c26fce4b8be3d7b4ed130b1ec8e7fdf9a5f3602a01, vars: {}, profile: cubo_158, target: dev, version: 1.12.2
[0m17:06:02.816347 [debug] [MainThread]: Partial parsing enabled: 0 files deleted, 0 files added, 0 files changed.
[0m17:06:02.816751 [debug] [MainThread]: Nothing changed, skipping partial parsing.
[0m17:06:02.817018 [debug] [MainThread]: Partial parsing enabled, no changes found, skipping parsing
[0m17:06:02.826000 [debug] [MainThread]: Sending event: {'category': 'dbt', 'action': 'load_project', 'label': 'eb6a3888-83cc-480b-81ab-32de8cfbe0ff', 'context': [<snowplow_tracker.self_describing_json.SelfDescribingJson object at 0x000001C9ADD33B50>]}
[0m17:06:02.959841 [debug] [MainThread]: Wrote artifact WritableManifest to C:\Users\kill\Desktop\datax\Trabajo 1\paquete_cubo158\dbt_158\target\manifest.json
[0m17:06:02.963374 [debug] [MainThread]: Wrote artifact SemanticManifest to C:\Users\kill\Desktop\datax\Trabajo 1\paquete_cubo158\dbt_158\target\semantic_manifest.json
[0m17:06:02.997038 [debug] [MainThread]: Wrote artifact OsiDocument to C:\Users\kill\Desktop\datax\Trabajo 1\paquete_cubo158\dbt_158\target\osi_document.json
[0m17:06:03.012377 [debug] [MainThread]: Sending event: {'category': 'dbt', 'action': 'resource_counts', 'label': 'eb6a3888-83cc-480b-81ab-32de8cfbe0ff', 'context': [<snowplow_tracker.self_describing_json.SelfDescribingJson object at 0x000001C9ADF98230>]}
[0m17:06:03.012904 [info ] [MainThread]: Found 3 models, 1 seed, 18 sources, 478 macros
[0m17:06:03.013502 [debug] [MainThread]: Sending event: {'category': 'dbt', 'action': 'runnable_timing', 'label': 'eb6a3888-83cc-480b-81ab-32de8cfbe0ff', 'context': [<snowplow_tracker.self_describing_json.SelfDescribingJson object at 0x000001C9ADDBB690>]}
[0m17:06:03.015187 [info ] [MainThread]: 
[0m17:06:03.015725 [info ] [MainThread]: Concurrency: 4 threads (target='dev')
[0m17:06:03.016201 [info ] [MainThread]: 
[0m17:06:03.016784 [debug] [MainThread]: Acquiring new postgres connection 'master'
[0m17:06:03.017961 [debug] [ThreadPool]: Acquiring new postgres connection 'list_copia'
[0m17:06:03.088464 [debug] [ThreadPool]: Using postgres connection "list_copia"
[0m17:06:03.088837 [debug] [ThreadPool]: On list_copia: /* {"app": "dbt", "dbt_version": "1.12.2", "profile_name": "cubo_158", "target_name": "dev", "connection_name": "list_copia"} */

    select distinct nspname from pg_namespace
  
[0m17:06:03.089096 [debug] [ThreadPool]: Opening a new connection, currently in state init
[0m17:06:03.106648 [debug] [ThreadPool]: SQL status: SELECT 4 in 0.017 seconds
[0m17:06:03.107742 [debug] [ThreadPool]: On list_copia: Close
[0m17:06:03.111761 [debug] [ThreadPool]: Acquiring new postgres connection 'list_copia_public'
[0m17:06:03.116056 [debug] [ThreadPool]: Using postgres connection "list_copia_public"
[0m17:06:03.116387 [debug] [ThreadPool]: On list_copia_public: /* {"app": "dbt", "dbt_version": "1.12.2", "profile_name": "cubo_158", "target_name": "dev", "connection_name": "list_copia_public"} */
select
      'copia' as database,
      tablename as name,
      schemaname as schema,
      'table' as type
    from pg_tables
    where schemaname ilike 'public'
    union all
    select
      'copia' as database,
      viewname as name,
      schemaname as schema,
      'view' as type
    from pg_views
    where schemaname ilike 'public'
    union all
    select
      'copia' as database,
      matviewname as name,
      schemaname as schema,
      'materialized_view' as type
    from pg_matviews
    where schemaname ilike 'public'
    union all
    select distinct
     'copia' as database,
     proname as name,
     ns.nspname as schema,
     'function' as type
    from pg_proc
     join pg_namespace as ns on pronamespace = ns.oid
    where ns.nspname ilike 'public'
  
[0m17:06:03.116697 [debug] [ThreadPool]: Opening a new connection, currently in state init
[0m17:06:03.140287 [debug] [ThreadPool]: SQL status: SELECT 57 in 0.024 seconds
[0m17:06:03.141739 [debug] [ThreadPool]: On list_copia_public: ROLLBACK
[0m17:06:03.142501 [debug] [ThreadPool]: On list_copia_public: Close
[0m17:06:03.149911 [debug] [MainThread]: Using postgres connection "master"
[0m17:06:03.150236 [debug] [MainThread]: On master: /* {"app": "dbt", "dbt_version": "1.12.2", "profile_name": "cubo_158", "target_name": "dev", "connection_name": "master"} */
select distinct
        dependent_namespace.nspname as dependent_schema,
        dependent_class.relname as dependent_name,
        referenced_namespace.nspname as referenced_schema,
        referenced_class.relname as referenced_name

    -- Query for views: views are entries in pg_class with an entry in pg_rewrite, but we avoid
    -- a seq scan on pg_rewrite by leveraging the fact there is an "internal" row in pg_depend for
    -- the view...
    from pg_class as dependent_class
    join pg_namespace as dependent_namespace on dependent_namespace.oid = dependent_class.relnamespace
    join pg_depend as dependent_depend on dependent_depend.refobjid = dependent_class.oid
        and dependent_depend.classid = 'pg_rewrite'::regclass
        and dependent_depend.refclassid = 'pg_class'::regclass
        and dependent_depend.deptype = 'i'

    -- ... and via pg_depend (that has a row per column, hence the need for "distinct" above, and
    -- making sure to exclude the internal row to avoid a view appearing to depend on itself)...
    join pg_depend as joining_depend on joining_depend.objid = dependent_depend.objid
        and joining_depend.classid = 'pg_rewrite'::regclass
        and joining_depend.refclassid = 'pg_class'::regclass
        and joining_depend.refobjid != dependent_depend.refobjid

    -- ... we can find the tables they query from in pg_class, but excluding system tables. Note we
    -- don't need need to exclude _dependent_ system tables, because they only query from other
    -- system tables, and so are automatically excluded by excluding _referenced_ system tables
    join pg_class as referenced_class on referenced_class.oid = joining_depend.refobjid
    join pg_namespace as referenced_namespace on referenced_namespace.oid = referenced_class.relnamespace
        and referenced_namespace.nspname != 'information_schema'
        and referenced_namespace.nspname not like 'pg\_%'

    order by
        dependent_schema, dependent_name, referenced_schema, referenced_name;
[0m17:06:03.150475 [debug] [MainThread]: Opening a new connection, currently in state init
[0m17:06:03.174766 [debug] [MainThread]: SQL status: SELECT 19 in 0.024 seconds
[0m17:06:03.178951 [debug] [MainThread]: Sending event: {'category': 'dbt', 'action': 'runnable_timing', 'label': 'eb6a3888-83cc-480b-81ab-32de8cfbe0ff', 'context': [<snowplow_tracker.self_describing_json.SelfDescribingJson object at 0x000001C9AE11E8F0>]}
[0m17:06:03.179313 [debug] [MainThread]: On master: ROLLBACK
[0m17:06:03.180123 [debug] [MainThread]: On master: COMMIT
[0m17:06:03.180406 [debug] [MainThread]: Using postgres connection "master"
[0m17:06:03.180623 [debug] [MainThread]: On master: COMMIT
[0m17:06:03.181708 [debug] [MainThread]: SQL status: COMMIT in 0.001 seconds
[0m17:06:03.182069 [debug] [MainThread]: On master: Close
[0m17:06:03.186699 [debug] [Thread-1 (]: Began running node seed.cubo_158.cat_compania
[0m17:06:03.187588 [info ] [Thread-1 (]: 1 of 1 START seed file public.cat_compania ..................................... [RUN]
[0m17:06:03.188718 [debug] [Thread-1 (]: Acquiring new postgres connection 'seed.cubo_158.cat_compania'
[0m17:06:03.189046 [debug] [Thread-1 (]: Began compiling node seed.cubo_158.cat_compania
[0m17:06:03.189351 [debug] [Thread-1 (]: Began executing node seed.cubo_158.cat_compania
[0m17:06:03.212308 [debug] [Thread-1 (]: Using postgres connection "seed.cubo_158.cat_compania"
[0m17:06:03.212914 [debug] [Thread-1 (]: On seed.cubo_158.cat_compania: /* {"app": "dbt", "dbt_version": "1.12.2", "profile_name": "cubo_158", "target_name": "dev", "node_id": "seed.cubo_158.cat_compania"} */

    create table "copia"."public"."cat_compania" ("raw_code" text,"clean_code" text)
  
[0m17:06:03.213287 [debug] [Thread-1 (]: Opening a new connection, currently in state init
[0m17:06:03.250028 [debug] [Thread-1 (]: SQL status: CREATE TABLE in 0.037 seconds
[0m17:06:03.280959 [debug] [Thread-1 (]: Using postgres connection "seed.cubo_158.cat_compania"
[0m17:06:03.281674 [debug] [Thread-1 (]: On seed.cubo_158.cat_compania: 
          insert into "copia"."public"."cat_compania" ("raw_code", "clean_code") values
          (%s,%s),(%s,%s),(%s,%s),(%s,%s),(%s,%s),(%s,%s),(%s,%s),(%s,%s),(%s,%s),(%s,%s),(%s,%s),(%s,%s),(%s,%s),(%s,%s),(%s,%s),(%s,%s),(%s,%s),(%s,%s),(%s,%s)
      ...
[0m17:06:03.283607 [debug] [Thread-1 (]: SQL status: INSERT 0 19 in 0.001 seconds
[0m17:06:03.290981 [debug] [Thread-1 (]: Writing runtime SQL for node "seed.cubo_158.cat_compania"
[0m17:06:03.319908 [debug] [Thread-1 (]: On seed.cubo_158.cat_compania: COMMIT
[0m17:06:03.320586 [debug] [Thread-1 (]: Using postgres connection "seed.cubo_158.cat_compania"
[0m17:06:03.321063 [debug] [Thread-1 (]: On seed.cubo_158.cat_compania: COMMIT
[0m17:06:03.324109 [debug] [Thread-1 (]: SQL status: COMMIT in 0.003 seconds
[0m17:06:03.325528 [debug] [Thread-1 (]: On seed.cubo_158.cat_compania: Close
[0m17:06:03.329155 [debug] [Thread-1 (]: Sending event: {'category': 'dbt', 'action': 'run_model', 'label': 'eb6a3888-83cc-480b-81ab-32de8cfbe0ff', 'context': [<snowplow_tracker.self_describing_json.SelfDescribingJson object at 0x000001C9AE318050>]}
[0m17:06:03.329607 [info ] [Thread-1 (]: 1 of 1 OK loaded seed file public.cat_compania ................................. [[32mINSERT 19[0m in 0.14s]
[0m17:06:03.331312 [debug] [Thread-1 (]: Finished running node seed.cubo_158.cat_compania
[0m17:06:03.333436 [debug] [MainThread]: On master: COMMIT
[0m17:06:03.333708 [debug] [MainThread]: Using postgres connection "master"
[0m17:06:03.333895 [debug] [MainThread]: On master: COMMIT
[0m17:06:03.334064 [debug] [MainThread]: Opening a new connection, currently in state closed
[0m17:06:03.352477 [debug] [MainThread]: SQL status: COMMIT in 0.018 seconds
[0m17:06:03.352824 [debug] [MainThread]: On master: Close
[0m17:06:03.353410 [debug] [MainThread]: Connection 'master' was properly closed.
[0m17:06:03.353666 [debug] [MainThread]: Connection 'list_copia' was properly closed.
[0m17:06:03.353887 [debug] [MainThread]: Connection 'list_copia_public' was properly closed.
[0m17:06:03.354125 [debug] [MainThread]: Connection 'seed.cubo_158.cat_compania' was properly closed.
[0m17:06:03.354340 [info ] [MainThread]: 
[0m17:06:03.354688 [info ] [MainThread]: Finished running 1 seed in 0 hours 0 minutes and 0.34 seconds (0.34s).
[0m17:06:03.355307 [debug] [MainThread]: Command end result
[0m17:06:03.408347 [debug] [MainThread]: Wrote artifact WritableManifest to C:\Users\kill\Desktop\datax\Trabajo 1\paquete_cubo158\dbt_158\target\manifest.json
[0m17:06:03.418261 [debug] [MainThread]: Wrote artifact SemanticManifest to C:\Users\kill\Desktop\datax\Trabajo 1\paquete_cubo158\dbt_158\target\semantic_manifest.json
[0m17:06:03.421602 [debug] [MainThread]: Wrote artifact OsiDocument to C:\Users\kill\Desktop\datax\Trabajo 1\paquete_cubo158\dbt_158\target\osi_document.json
[0m17:06:03.434357 [debug] [MainThread]: Wrote artifact RunExecutionResult to C:\Users\kill\Desktop\datax\Trabajo 1\paquete_cubo158\dbt_158\target\run_results.json
[0m17:06:03.434818 [info ] [MainThread]: 
[0m17:06:03.435366 [info ] [MainThread]: [32mCompleted successfully[0m
[0m17:06:03.435840 [info ] [MainThread]: 
[0m17:06:03.436474 [info ] [MainThread]: Done. PASS=1 WARN=0 ERROR=0 SKIP=0 NO-OP=0 REUSED=0 TOTAL=1
[0m17:06:03.437989 [debug] [MainThread]: Command `dbt seed` succeeded at 17:06:03.437809 after 1.38 seconds
[0m17:06:03.438528 [debug] [MainThread]: Sending event: {'category': 'dbt', 'action': 'invocation', 'label': 'end', 'context': [<snowplow_tracker.self_describing_json.SelfDescribingJson object at 0x000001C9AE156F10>, <snowplow_tracker.self_describing_json.SelfDescribingJson object at 0x000001C9AE1F72F0>, <snowplow_tracker.self_describing_json.SelfDescribingJson object at 0x000001C9AE1F7ED0>]}
[0m17:06:03.439100 [debug] [MainThread]: Flushing usage events
[0m17:06:04.419175 [debug] [MainThread]: An error was encountered while trying to flush usage events
[0m17:06:08.339080 [debug] [MainThread]: Sending event: {'category': 'dbt', 'action': 'invocation', 'label': 'start', 'context': [<snowplow_tracker.self_describing_json.SelfDescribingJson object at 0x000002A7F03D1D30>, <snowplow_tracker.self_describing_json.SelfDescribingJson object at 0x000002A7F2BC3ED0>, <snowplow_tracker.self_describing_json.SelfDescribingJson object at 0x000002A7F2BC3B10>]}


============================== 17:06:08.342399 | b9659af0-ae8b-4b3d-adb0-9d2cda601789 ==============================
[0m17:06:08.342399 [info ] [MainThread]: Running with dbt=1.12.2
[0m17:06:08.343060 [debug] [MainThread]: running dbt with arguments {'maximum_seed_size_mib': '1', 'no_print': 'None', 'version_check': 'True', 'warn_error_options': 'WarnErrorOptionsV2(error=[], warn=[], silence=[])', 'target_path': 'None', 'static_parser': 'True', 'printer_width': '80', 'write_json': 'True', 'empty': 'False', 'log_cache_events': 'False', 'introspect': 'True', 'cache_selected_only': 'False', 'log_format': 'default', 'debug': 'False', 'fail_fast': 'False', 'partial_parse': 'True', 'send_anonymous_usage_stats': 'True', 'quiet': 'False', 'warn_error': 'None', 'profiles_dir': 'C:\\Users\\kill\\.dbt', 'invocation_command': 'dbt run', 'hints_enabled': 'True', 'indirect_selection': 'eager', 'use_experimental_parser': 'False', 'use_colors': 'True', 'log_path': 'C:\\Users\\kill\\Desktop\\datax\\Trabajo 1\\paquete_cubo158\\dbt_158\\logs'}
[0m17:06:08.493329 [debug] [MainThread]: Sending event: {'category': 'dbt', 'action': 'project_id', 'label': 'b9659af0-ae8b-4b3d-adb0-9d2cda601789', 'context': [<snowplow_tracker.self_describing_json.SelfDescribingJson object at 0x000002A7F0ABEC40>]}
[0m17:06:08.546795 [debug] [MainThread]: Sending event: {'category': 'dbt', 'action': 'adapter_info', 'label': 'b9659af0-ae8b-4b3d-adb0-9d2cda601789', 'context': [<snowplow_tracker.self_describing_json.SelfDescribingJson object at 0x000002A7F027F020>]}
[0m17:06:08.548041 [info ] [MainThread]: Registered adapter: postgres=1.11.0
[0m17:06:08.735467 [debug] [MainThread]: checksum: d90eabb28bcd83b1f62f14c26fce4b8be3d7b4ed130b1ec8e7fdf9a5f3602a01, vars: {}, profile: cubo_158, target: dev, version: 1.12.2
[0m17:06:08.889816 [debug] [MainThread]: Partial parsing enabled: 0 files deleted, 0 files added, 0 files changed.
[0m17:06:08.890117 [debug] [MainThread]: Nothing changed, skipping partial parsing.
[0m17:06:08.890314 [debug] [MainThread]: Partial parsing enabled, no changes found, skipping parsing
[0m17:06:08.897283 [debug] [MainThread]: Sending event: {'category': 'dbt', 'action': 'load_project', 'label': 'b9659af0-ae8b-4b3d-adb0-9d2cda601789', 'context': [<snowplow_tracker.self_describing_json.SelfDescribingJson object at 0x000002A7F34E3B50>]}
[0m17:06:09.003366 [debug] [MainThread]: Wrote artifact WritableManifest to C:\Users\kill\Desktop\datax\Trabajo 1\paquete_cubo158\dbt_158\target\manifest.json
[0m17:06:09.006651 [debug] [MainThread]: Wrote artifact SemanticManifest to C:\Users\kill\Desktop\datax\Trabajo 1\paquete_cubo158\dbt_158\target\semantic_manifest.json
[0m17:06:09.026885 [debug] [MainThread]: Wrote artifact OsiDocument to C:\Users\kill\Desktop\datax\Trabajo 1\paquete_cubo158\dbt_158\target\osi_document.json
[0m17:06:09.037231 [debug] [MainThread]: Sending event: {'category': 'dbt', 'action': 'resource_counts', 'label': 'b9659af0-ae8b-4b3d-adb0-9d2cda601789', 'context': [<snowplow_tracker.self_describing_json.SelfDescribingJson object at 0x000002A7F374C230>]}
[0m17:06:09.037589 [info ] [MainThread]: Found 3 models, 1 seed, 18 sources, 478 macros
[0m17:06:09.038012 [debug] [MainThread]: Sending event: {'category': 'dbt', 'action': 'runnable_timing', 'label': 'b9659af0-ae8b-4b3d-adb0-9d2cda601789', 'context': [<snowplow_tracker.self_describing_json.SelfDescribingJson object at 0x000002A7F356BE70>]}
[0m17:06:09.039534 [info ] [MainThread]: 
[0m17:06:09.039924 [info ] [MainThread]: Concurrency: 4 threads (target='dev')
[0m17:06:09.040243 [info ] [MainThread]: 
[0m17:06:09.040686 [debug] [MainThread]: Acquiring new postgres connection 'master'
[0m17:06:09.043751 [debug] [ThreadPool]: Acquiring new postgres connection 'list_copia'
[0m17:06:09.095755 [debug] [ThreadPool]: Using postgres connection "list_copia"
[0m17:06:09.096102 [debug] [ThreadPool]: On list_copia: /* {"app": "dbt", "dbt_version": "1.12.2", "profile_name": "cubo_158", "target_name": "dev", "connection_name": "list_copia"} */

    select distinct nspname from pg_namespace
  
[0m17:06:09.096327 [debug] [ThreadPool]: Opening a new connection, currently in state init
[0m17:06:09.128170 [debug] [ThreadPool]: SQL status: SELECT 4 in 0.032 seconds
[0m17:06:09.128975 [debug] [ThreadPool]: On list_copia: Close
[0m17:06:09.130249 [debug] [ThreadPool]: Acquiring new postgres connection 'list_copia_public'
[0m17:06:09.133506 [debug] [ThreadPool]: Using postgres connection "list_copia_public"
[0m17:06:09.133730 [debug] [ThreadPool]: On list_copia_public: /* {"app": "dbt", "dbt_version": "1.12.2", "profile_name": "cubo_158", "target_name": "dev", "connection_name": "list_copia_public"} */
select
      'copia' as database,
      tablename as name,
      schemaname as schema,
      'table' as type
    from pg_tables
    where schemaname ilike 'public'
    union all
    select
      'copia' as database,
      viewname as name,
      schemaname as schema,
      'view' as type
    from pg_views
    where schemaname ilike 'public'
    union all
    select
      'copia' as database,
      matviewname as name,
      schemaname as schema,
      'materialized_view' as type
    from pg_matviews
    where schemaname ilike 'public'
    union all
    select distinct
     'copia' as database,
     proname as name,
     ns.nspname as schema,
     'function' as type
    from pg_proc
     join pg_namespace as ns on pronamespace = ns.oid
    where ns.nspname ilike 'public'
  
[0m17:06:09.133905 [debug] [ThreadPool]: Opening a new connection, currently in state init
[0m17:06:09.158906 [debug] [ThreadPool]: SQL status: SELECT 58 in 0.025 seconds
[0m17:06:09.160152 [debug] [ThreadPool]: On list_copia_public: ROLLBACK
[0m17:06:09.160718 [debug] [ThreadPool]: On list_copia_public: Close
[0m17:06:09.168708 [debug] [MainThread]: Using postgres connection "master"
[0m17:06:09.169005 [debug] [MainThread]: On master: /* {"app": "dbt", "dbt_version": "1.12.2", "profile_name": "cubo_158", "target_name": "dev", "connection_name": "master"} */
select distinct
        dependent_namespace.nspname as dependent_schema,
        dependent_class.relname as dependent_name,
        referenced_namespace.nspname as referenced_schema,
        referenced_class.relname as referenced_name

    -- Query for views: views are entries in pg_class with an entry in pg_rewrite, but we avoid
    -- a seq scan on pg_rewrite by leveraging the fact there is an "internal" row in pg_depend for
    -- the view...
    from pg_class as dependent_class
    join pg_namespace as dependent_namespace on dependent_namespace.oid = dependent_class.relnamespace
    join pg_depend as dependent_depend on dependent_depend.refobjid = dependent_class.oid
        and dependent_depend.classid = 'pg_rewrite'::regclass
        and dependent_depend.refclassid = 'pg_class'::regclass
        and dependent_depend.deptype = 'i'

    -- ... and via pg_depend (that has a row per column, hence the need for "distinct" above, and
    -- making sure to exclude the internal row to avoid a view appearing to depend on itself)...
    join pg_depend as joining_depend on joining_depend.objid = dependent_depend.objid
        and joining_depend.classid = 'pg_rewrite'::regclass
        and joining_depend.refclassid = 'pg_class'::regclass
        and joining_depend.refobjid != dependent_depend.refobjid

    -- ... we can find the tables they query from in pg_class, but excluding system tables. Note we
    -- don't need need to exclude _dependent_ system tables, because they only query from other
    -- system tables, and so are automatically excluded by excluding _referenced_ system tables
    join pg_class as referenced_class on referenced_class.oid = joining_depend.refobjid
    join pg_namespace as referenced_namespace on referenced_namespace.oid = referenced_class.relnamespace
        and referenced_namespace.nspname != 'information_schema'
        and referenced_namespace.nspname not like 'pg\_%'

    order by
        dependent_schema, dependent_name, referenced_schema, referenced_name;
[0m17:06:09.169277 [debug] [MainThread]: Opening a new connection, currently in state init
[0m17:06:09.190030 [debug] [MainThread]: SQL status: SELECT 19 in 0.021 seconds
[0m17:06:09.192725 [debug] [MainThread]: Sending event: {'category': 'dbt', 'action': 'runnable_timing', 'label': 'b9659af0-ae8b-4b3d-adb0-9d2cda601789', 'context': [<snowplow_tracker.self_describing_json.SelfDescribingJson object at 0x000002A7F38CE8F0>]}
[0m17:06:09.193019 [debug] [MainThread]: On master: ROLLBACK
[0m17:06:09.193668 [debug] [MainThread]: On master: COMMIT
[0m17:06:09.194052 [debug] [MainThread]: Using postgres connection "master"
[0m17:06:09.194342 [debug] [MainThread]: On master: COMMIT
[0m17:06:09.195791 [debug] [MainThread]: SQL status: COMMIT in 0.001 seconds
[0m17:06:09.196201 [debug] [MainThread]: On master: Close
[0m17:06:09.200903 [debug] [Thread-1 (]: Began running node model.cubo_158.stg_produccion_siniestros
[0m17:06:09.201509 [info ] [Thread-1 (]: 1 of 3 START sql view model public.stg_produccion_siniestros ................... [RUN]
[0m17:06:09.202254 [debug] [Thread-1 (]: Acquiring new postgres connection 'model.cubo_158.stg_produccion_siniestros'
[0m17:06:09.202591 [debug] [Thread-1 (]: Began compiling node model.cubo_158.stg_produccion_siniestros
[0m17:06:09.210815 [debug] [Thread-1 (]: Writing injected SQL for node "model.cubo_158.stg_produccion_siniestros"
[0m17:06:09.211725 [debug] [Thread-1 (]: Began executing node model.cubo_158.stg_produccion_siniestros
[0m17:06:09.237489 [debug] [Thread-1 (]: Writing runtime sql for node "model.cubo_158.stg_produccion_siniestros"
[0m17:06:09.238760 [debug] [Thread-1 (]: Using postgres connection "model.cubo_158.stg_produccion_siniestros"
[0m17:06:09.239331 [debug] [Thread-1 (]: On model.cubo_158.stg_produccion_siniestros: /* {"app": "dbt", "dbt_version": "1.12.2", "profile_name": "cubo_158", "target_name": "dev", "node_id": "model.cubo_158.stg_produccion_siniestros"} */

  create view "copia"."public"."stg_produccion_siniestros__dbt_tmp"
    
    
  as (
    

-- T3: concatenacion de las 18 tablas (via el macro)
-- T1: titulo1 -> Tipo (Produccion/Siniestros) ; titulo3 -> Departamento
-- T8: normalizacion de texto (Departamento en Title Case, ej. "la PAZ" -> "La Paz")
-- T7: fecha ya viene como DATE, solo se descompone en Anio/Mes en el mart final
-- T9: normalizacion del codigo de compania (nv2) -- el catalogo completo se aplica en el mart

select
    case
        when titulo1 ilike '%Producci%' then 'Produccion'
        when titulo1 ilike '%Siniestro%' then 'Siniestros'
        else titulo1
    end                                            as tipo,             -- T1 (derivado de titulo1)
    initcap(lower(trim(titulo3)))                   as departamento,     -- T1 + T8
    modalidad,
    ramo,
    nv1                                              as tipo_entidad,
    trim(nv2)                                        as compania_raw,    -- T8 (trim)
    fecha,
    valor                                            as valor_usd        -- ya viene limpio (T12 resuelto en la ingesta)
from ( 

    

    
        select
            titulo1,
            titulo3,
            modalidad,
            ramo,
            nv1,
            nv2,
            fecha,
            valor
        from "copia"."public"."data_d_bo_000000447_01"
         union all 
    
        select
            titulo1,
            titulo3,
            modalidad,
            ramo,
            nv1,
            nv2,
            fecha,
            valor
        from "copia"."public"."data_d_bo_000000447_02"
         union all 
    
        select
            titulo1,
            titulo3,
            modalidad,
            ramo,
            nv1,
            nv2,
            fecha,
            valor
        from "copia"."public"."data_d_bo_000000447_03"
         union all 
    
        select
            titulo1,
            titulo3,
            modalidad,
            ramo,
            nv1,
            nv2,
            fecha,
            valor
        from "copia"."public"."data_d_bo_000000447_04"
         union all 
    
        select
            titulo1,
            titulo3,
            modalidad,
            ramo,
            nv1,
            nv2,
            fecha,
            valor
        from "copia"."public"."data_d_bo_000000447_05"
         union all 
    
        select
            titulo1,
            titulo3,
            modalidad,
            ramo,
            nv1,
            nv2,
            fecha,
            valor
        from "copia"."public"."data_d_bo_000000447_06"
         union all 
    
        select
            titulo1,
            titulo3,
            modalidad,
            ramo,
            nv1,
            nv2,
            fecha,
            valor
        from "copia"."public"."data_d_bo_000000447_07"
         union all 
    
        select
            titulo1,
            titulo3,
            modalidad,
            ramo,
            nv1,
            nv2,
            fecha,
            valor
        from "copia"."public"."data_d_bo_000000447_08"
         union all 
    
        select
            titulo1,
            titulo3,
            modalidad,
            ramo,
            nv1,
            nv2,
            fecha,
            valor
        from "copia"."public"."data_d_bo_000000447_09"
         union all 
    
        select
            titulo1,
            titulo3,
            modalidad,
            ramo,
            nv1,
            nv2,
            fecha,
            valor
        from "copia"."public"."data_d_bo_000000447_10"
         union all 
    
        select
            titulo1,
            titulo3,
            modalidad,
            ramo,
            nv1,
            nv2,
            fecha,
            valor
        from "copia"."public"."data_d_bo_000000447_11"
         union all 
    
        select
            titulo1,
            titulo3,
            modalidad,
            ramo,
            nv1,
            nv2,
            fecha,
            valor
        from "copia"."public"."data_d_bo_000000447_12"
         union all 
    
        select
            titulo1,
            titulo3,
            modalidad,
            ramo,
            nv1,
            nv2,
            fecha,
            valor
        from "copia"."public"."data_d_bo_000000447_13"
         union all 
    
        select
            titulo1,
            titulo3,
            modalidad,
            ramo,
            nv1,
            nv2,
            fecha,
            valor
        from "copia"."public"."data_d_bo_000000447_14"
         union all 
    
        select
            titulo1,
            titulo3,
            modalidad,
            ramo,
            nv1,
            nv2,
            fecha,
            valor
        from "copia"."public"."data_d_bo_000000447_15"
         union all 
    
        select
            titulo1,
            titulo3,
            modalidad,
            ramo,
            nv1,
            nv2,
            fecha,
            valor
        from "copia"."public"."data_d_bo_000000447_16"
         union all 
    
        select
            titulo1,
            titulo3,
            modalidad,
            ramo,
            nv1,
            nv2,
            fecha,
            valor
        from "copia"."public"."data_d_bo_000000447_17"
         union all 
    
        select
            titulo1,
            titulo3,
            modalidad,
            ramo,
            nv1,
            nv2,
            fecha,
            valor
        from "copia"."public"."data_d_bo_000000447_18"
        
    

 ) u
  );
[0m17:06:09.240035 [debug] [Thread-1 (]: Opening a new connection, currently in state init
[0m17:06:09.268108 [debug] [Thread-1 (]: SQL status: CREATE VIEW in 0.028 seconds
[0m17:06:09.275015 [debug] [Thread-1 (]: Using postgres connection "model.cubo_158.stg_produccion_siniestros"
[0m17:06:09.275294 [debug] [Thread-1 (]: On model.cubo_158.stg_produccion_siniestros: /* {"app": "dbt", "dbt_version": "1.12.2", "profile_name": "cubo_158", "target_name": "dev", "node_id": "model.cubo_158.stg_produccion_siniestros"} */
alter table "copia"."public"."stg_produccion_siniestros" rename to "stg_produccion_siniestros__dbt_backup"
[0m17:06:09.276789 [debug] [Thread-1 (]: SQL status: ALTER TABLE in 0.001 seconds
[0m17:06:09.278485 [debug] [Thread-1 (]: Using postgres connection "model.cubo_158.stg_produccion_siniestros"
[0m17:06:09.278761 [debug] [Thread-1 (]: On model.cubo_158.stg_produccion_siniestros: /* {"app": "dbt", "dbt_version": "1.12.2", "profile_name": "cubo_158", "target_name": "dev", "node_id": "model.cubo_158.stg_produccion_siniestros"} */
alter table "copia"."public"."stg_produccion_siniestros__dbt_tmp" rename to "stg_produccion_siniestros"
[0m17:06:09.279842 [debug] [Thread-1 (]: SQL status: ALTER TABLE in 0.001 seconds
[0m17:06:09.291745 [debug] [Thread-1 (]: On model.cubo_158.stg_produccion_siniestros: COMMIT
[0m17:06:09.292124 [debug] [Thread-1 (]: Using postgres connection "model.cubo_158.stg_produccion_siniestros"
[0m17:06:09.292425 [debug] [Thread-1 (]: On model.cubo_158.stg_produccion_siniestros: COMMIT
[0m17:06:09.295174 [debug] [Thread-1 (]: SQL status: COMMIT in 0.002 seconds
[0m17:06:09.299339 [debug] [Thread-1 (]: Applying DROP to: "copia"."public"."stg_produccion_siniestros__dbt_backup"
[0m17:06:09.302615 [debug] [Thread-1 (]: Using postgres connection "model.cubo_158.stg_produccion_siniestros"
[0m17:06:09.302926 [debug] [Thread-1 (]: On model.cubo_158.stg_produccion_siniestros: /* {"app": "dbt", "dbt_version": "1.12.2", "profile_name": "cubo_158", "target_name": "dev", "node_id": "model.cubo_158.stg_produccion_siniestros"} */
drop view if exists "copia"."public"."stg_produccion_siniestros__dbt_backup" cascade
[0m17:06:09.309419 [debug] [Thread-1 (]: SQL status: DROP VIEW in 0.006 seconds
[0m17:06:09.311150 [debug] [Thread-1 (]: On model.cubo_158.stg_produccion_siniestros: Close
[0m17:06:09.313143 [debug] [Thread-1 (]: Sending event: {'category': 'dbt', 'action': 'run_model', 'label': 'b9659af0-ae8b-4b3d-adb0-9d2cda601789', 'context': [<snowplow_tracker.self_describing_json.SelfDescribingJson object at 0x000002A7F3AC01D0>]}
[0m17:06:09.313653 [info ] [Thread-1 (]: 1 of 3 OK created sql view model public.stg_produccion_siniestros .............. [[32mCREATE VIEW[0m in 0.11s]
[0m17:06:09.314173 [debug] [Thread-1 (]: Finished running node model.cubo_158.stg_produccion_siniestros
[0m17:06:09.314635 [debug] [Thread-2 (]: Began running node model.cubo_158.int_desacumulado
[0m17:06:09.314940 [info ] [Thread-2 (]: 2 of 3 START sql view model public.int_desacumulado ............................ [RUN]
[0m17:06:09.315361 [debug] [Thread-2 (]: Acquiring new postgres connection 'model.cubo_158.int_desacumulado'
[0m17:06:09.315609 [debug] [Thread-2 (]: Began compiling node model.cubo_158.int_desacumulado
[0m17:06:09.316857 [debug] [Thread-2 (]: Writing injected SQL for node "model.cubo_158.int_desacumulado"
[0m17:06:09.317532 [debug] [Thread-2 (]: Began executing node model.cubo_158.int_desacumulado
[0m17:06:09.319706 [debug] [Thread-2 (]: Writing runtime sql for node "model.cubo_158.int_desacumulado"
[0m17:06:09.320346 [debug] [Thread-2 (]: Using postgres connection "model.cubo_158.int_desacumulado"
[0m17:06:09.320598 [debug] [Thread-2 (]: On model.cubo_158.int_desacumulado: /* {"app": "dbt", "dbt_version": "1.12.2", "profile_name": "cubo_158", "target_name": "dev", "node_id": "model.cubo_158.int_desacumulado"} */

  create view "copia"."public"."int_desacumulado__dbt_tmp"
    
    
  as (
    

-- T6: Desacumulacion. La fuente reporta el acumulado del anio calendario hasta la fecha
-- (se resetea cada Enero). El valor real del mes = acumulado actual - acumulado del mes
-- anterior DENTRO DEL MISMO ANIO. Enero = el acumulado tal cual (no hay mes previo que restar).

with base as (

    select
        tipo,
        departamento,
        modalidad,
        ramo,
        tipo_entidad,
        compania_raw,
        fecha,
        extract(year from fecha)::int  as anio,
        valor_usd                      as acumulado_usd,
        lag(valor_usd) over (
            partition by tipo, departamento, modalidad, ramo, compania_raw, extract(year from fecha)
            order by fecha
        ) as acumulado_mes_anterior

    from "copia"."public"."stg_produccion_siniestros"

)

select
    tipo,
    departamento,
    modalidad,
    ramo,
    tipo_entidad,
    compania_raw,
    fecha,
    anio,
    extract(month from fecha)::int as mes_num,
    case
        when acumulado_mes_anterior is null then acumulado_usd                       -- enero (o primer mes con dato del anio)
        else acumulado_usd - acumulado_mes_anterior
    end as valor_usd_mensual

from base
  );
[0m17:06:09.320833 [debug] [Thread-2 (]: Opening a new connection, currently in state init
[0m17:06:09.332208 [debug] [Thread-2 (]: SQL status: CREATE VIEW in 0.011 seconds
[0m17:06:09.334221 [debug] [Thread-2 (]: Using postgres connection "model.cubo_158.int_desacumulado"
[0m17:06:09.334497 [debug] [Thread-2 (]: On model.cubo_158.int_desacumulado: /* {"app": "dbt", "dbt_version": "1.12.2", "profile_name": "cubo_158", "target_name": "dev", "node_id": "model.cubo_158.int_desacumulado"} */
alter table "copia"."public"."int_desacumulado__dbt_tmp" rename to "int_desacumulado"
[0m17:06:09.335425 [debug] [Thread-2 (]: SQL status: ALTER TABLE in 0.001 seconds
[0m17:06:09.336504 [debug] [Thread-2 (]: On model.cubo_158.int_desacumulado: COMMIT
[0m17:06:09.336798 [debug] [Thread-2 (]: Using postgres connection "model.cubo_158.int_desacumulado"
[0m17:06:09.337011 [debug] [Thread-2 (]: On model.cubo_158.int_desacumulado: COMMIT
[0m17:06:09.340027 [debug] [Thread-2 (]: SQL status: COMMIT in 0.003 seconds
[0m17:06:09.340970 [debug] [Thread-2 (]: Applying DROP to: "copia"."public"."int_desacumulado__dbt_backup"
[0m17:06:09.341331 [debug] [Thread-2 (]: Using postgres connection "model.cubo_158.int_desacumulado"
[0m17:06:09.341564 [debug] [Thread-2 (]: On model.cubo_158.int_desacumulado: /* {"app": "dbt", "dbt_version": "1.12.2", "profile_name": "cubo_158", "target_name": "dev", "node_id": "model.cubo_158.int_desacumulado"} */
drop view if exists "copia"."public"."int_desacumulado__dbt_backup" cascade
[0m17:06:09.342141 [debug] [Thread-2 (]: SQL status: DROP VIEW in 0.000 seconds
[0m17:06:09.342975 [debug] [Thread-2 (]: On model.cubo_158.int_desacumulado: Close
[0m17:06:09.343732 [debug] [Thread-2 (]: Sending event: {'category': 'dbt', 'action': 'run_model', 'label': 'b9659af0-ae8b-4b3d-adb0-9d2cda601789', 'context': [<snowplow_tracker.self_describing_json.SelfDescribingJson object at 0x000002A7F38FF1D0>]}
[0m17:06:09.344169 [info ] [Thread-2 (]: 2 of 3 OK created sql view model public.int_desacumulado ....................... [[32mCREATE VIEW[0m in 0.03s]
[0m17:06:09.344652 [debug] [Thread-2 (]: Finished running node model.cubo_158.int_desacumulado
[0m17:06:09.345086 [debug] [Thread-3 (]: Began running node model.cubo_158.resultado_158
[0m17:06:09.345499 [info ] [Thread-3 (]: 3 of 3 START sql table model public.resultado_158 .............................. [RUN]
[0m17:06:09.346018 [debug] [Thread-3 (]: Acquiring new postgres connection 'model.cubo_158.resultado_158'
[0m17:06:09.346301 [debug] [Thread-3 (]: Began compiling node model.cubo_158.resultado_158
[0m17:06:09.348008 [debug] [Thread-3 (]: Writing injected SQL for node "model.cubo_158.resultado_158"
[0m17:06:09.348939 [debug] [Thread-3 (]: Began executing node model.cubo_158.resultado_158
[0m17:06:09.366051 [debug] [Thread-3 (]: Writing runtime sql for node "model.cubo_158.resultado_158"
[0m17:06:09.367033 [debug] [Thread-3 (]: Using postgres connection "model.cubo_158.resultado_158"
[0m17:06:09.367362 [debug] [Thread-3 (]: On model.cubo_158.resultado_158: /* {"app": "dbt", "dbt_version": "1.12.2", "profile_name": "cubo_158", "target_name": "dev", "node_id": "model.cubo_158.resultado_158"} */

  
    

  create  table "copia"."public"."resultado_158__dbt_tmp"
  
  
    as
  
  (
    

-- T9: catalogo de compania (reutiliza el patron ya conocido del proyecto -- VERIFICAR,
--     ver nota en el chat: los catalogos no son universales entre cubos)
-- T4: conversion de moneda, Bs = USD x 6.86
-- T11: Produccion y Siniestros se combinan en la misma fila (columnas separadas)
--      -- esto es lo que "no existe en ningun archivo por separado"

with con_catalogo as (

    select
        d.tipo,
        d.departamento,
        d.modalidad,
        d.ramo,
        c.clean_code            as compania,
        d.anio,
        d.mes_num,
        d.fecha,
        d.valor_usd_mensual,
        round(d.valor_usd_mensual * 6.86, 2) as valor_bs_mensual
    from "copia"."public"."int_desacumulado" d
    left join "copia"."public"."cat_compania" c on c.raw_code = d.compania_raw

)

select
    departamento,
    modalidad,
    ramo,
    compania,
    anio,
    mes_num,
    fecha,

    max(case when tipo = 'Produccion' then valor_usd_mensual end) as produccion_usd,
    max(case when tipo = 'Produccion' then valor_bs_mensual  end) as produccion_bs,
    max(case when tipo = 'Siniestros' then valor_usd_mensual end) as siniestros_usd,
    max(case when tipo = 'Siniestros' then valor_bs_mensual  end) as siniestros_bs

from con_catalogo
group by departamento, modalidad, ramo, compania, anio, mes_num, fecha
order by departamento, compania, ramo, fecha
  );
  
[0m17:06:09.367631 [debug] [Thread-3 (]: Opening a new connection, currently in state init
[0m17:06:09.580272 [debug] [Thread-3 (]: SQL status: SELECT 18873 in 0.213 seconds
[0m17:06:09.584671 [debug] [Thread-3 (]: Using postgres connection "model.cubo_158.resultado_158"
[0m17:06:09.584926 [debug] [Thread-3 (]: On model.cubo_158.resultado_158: /* {"app": "dbt", "dbt_version": "1.12.2", "profile_name": "cubo_158", "target_name": "dev", "node_id": "model.cubo_158.resultado_158"} */
alter table "copia"."public"."resultado_158__dbt_tmp" rename to "resultado_158"
[0m17:06:09.586028 [debug] [Thread-3 (]: SQL status: ALTER TABLE in 0.001 seconds
[0m17:06:09.586979 [debug] [Thread-3 (]: On model.cubo_158.resultado_158: COMMIT
[0m17:06:09.587215 [debug] [Thread-3 (]: Using postgres connection "model.cubo_158.resultado_158"
[0m17:06:09.587411 [debug] [Thread-3 (]: On model.cubo_158.resultado_158: COMMIT
[0m17:06:09.593211 [debug] [Thread-3 (]: SQL status: COMMIT in 0.006 seconds
[0m17:06:09.594173 [debug] [Thread-3 (]: Applying DROP to: "copia"."public"."resultado_158__dbt_backup"
[0m17:06:09.595793 [debug] [Thread-3 (]: Using postgres connection "model.cubo_158.resultado_158"
[0m17:06:09.596037 [debug] [Thread-3 (]: On model.cubo_158.resultado_158: /* {"app": "dbt", "dbt_version": "1.12.2", "profile_name": "cubo_158", "target_name": "dev", "node_id": "model.cubo_158.resultado_158"} */
drop table if exists "copia"."public"."resultado_158__dbt_backup" cascade
[0m17:06:09.596827 [debug] [Thread-3 (]: SQL status: DROP TABLE in 0.001 seconds
[0m17:06:09.597982 [debug] [Thread-3 (]: On model.cubo_158.resultado_158: Close
[0m17:06:09.598456 [debug] [Thread-3 (]: Sending event: {'category': 'dbt', 'action': 'run_model', 'label': 'b9659af0-ae8b-4b3d-adb0-9d2cda601789', 'context': [<snowplow_tracker.self_describing_json.SelfDescribingJson object at 0x000002A7F3ADE7B0>]}
[0m17:06:09.599027 [info ] [Thread-3 (]: 3 of 3 OK created sql table model public.resultado_158 ......................... [[32mSELECT 18873[0m in 0.25s]
[0m17:06:09.599770 [debug] [Thread-3 (]: Finished running node model.cubo_158.resultado_158
[0m17:06:09.601432 [debug] [MainThread]: On master: COMMIT
[0m17:06:09.601679 [debug] [MainThread]: Using postgres connection "master"
[0m17:06:09.601868 [debug] [MainThread]: On master: COMMIT
[0m17:06:09.602033 [debug] [MainThread]: Opening a new connection, currently in state closed
[0m17:06:09.621839 [debug] [MainThread]: SQL status: COMMIT in 0.020 seconds
[0m17:06:09.622226 [debug] [MainThread]: On master: Close
[0m17:06:09.622760 [debug] [MainThread]: Connection 'master' was properly closed.
[0m17:06:09.622983 [debug] [MainThread]: Connection 'list_copia' was properly closed.
[0m17:06:09.623148 [debug] [MainThread]: Connection 'list_copia_public' was properly closed.
[0m17:06:09.623275 [debug] [MainThread]: Connection 'model.cubo_158.stg_produccion_siniestros' was properly closed.
[0m17:06:09.623460 [debug] [MainThread]: Connection 'model.cubo_158.int_desacumulado' was properly closed.
[0m17:06:09.623647 [debug] [MainThread]: Connection 'model.cubo_158.resultado_158' was properly closed.
[0m17:06:09.623949 [info ] [MainThread]: 
[0m17:06:09.624362 [info ] [MainThread]: Finished running 1 table model, 2 view models in 0 hours 0 minutes and 0.58 seconds (0.58s).
[0m17:06:09.624994 [debug] [MainThread]: Command end result
[0m17:06:09.648803 [debug] [MainThread]: Wrote artifact WritableManifest to C:\Users\kill\Desktop\datax\Trabajo 1\paquete_cubo158\dbt_158\target\manifest.json
[0m17:06:09.651560 [debug] [MainThread]: Wrote artifact SemanticManifest to C:\Users\kill\Desktop\datax\Trabajo 1\paquete_cubo158\dbt_158\target\semantic_manifest.json
[0m17:06:09.654009 [debug] [MainThread]: Wrote artifact OsiDocument to C:\Users\kill\Desktop\datax\Trabajo 1\paquete_cubo158\dbt_158\target\osi_document.json
[0m17:06:09.659674 [debug] [MainThread]: Wrote artifact RunExecutionResult to C:\Users\kill\Desktop\datax\Trabajo 1\paquete_cubo158\dbt_158\target\run_results.json
[0m17:06:09.659954 [info ] [MainThread]: 
[0m17:06:09.660359 [info ] [MainThread]: [32mCompleted successfully[0m
[0m17:06:09.660731 [info ] [MainThread]: 
[0m17:06:09.661104 [info ] [MainThread]: Done. PASS=3 WARN=0 ERROR=0 SKIP=0 NO-OP=0 REUSED=0 TOTAL=3
[0m17:06:09.661874 [debug] [MainThread]: Command `dbt run` succeeded at 17:06:09.661771 after 1.46 seconds
[0m17:06:09.662161 [debug] [MainThread]: Sending event: {'category': 'dbt', 'action': 'invocation', 'label': 'end', 'context': [<snowplow_tracker.self_describing_json.SelfDescribingJson object at 0x000002A7F3668350>, <snowplow_tracker.self_describing_json.SelfDescribingJson object at 0x000002A7F2BAACD0>, <snowplow_tracker.self_describing_json.SelfDescribingJson object at 0x000002A7F2C25FD0>]}
[0m17:06:09.662431 [debug] [MainThread]: Flushing usage events
[0m17:06:10.360807 [debug] [MainThread]: An error was encountered while trying to flush usage events
[0m17:19:23.798144 [debug] [MainThread]: Sending event: {'category': 'dbt', 'action': 'invocation', 'label': 'start', 'context': [<snowplow_tracker.self_describing_json.SelfDescribingJson object at 0x000001955C731D30>, <snowplow_tracker.self_describing_json.SelfDescribingJson object at 0x000001955EF33ED0>, <snowplow_tracker.self_describing_json.SelfDescribingJson object at 0x000001955EF33B10>]}


============================== 17:19:23.801936 | 85bdd308-79bc-4b65-a8cb-0b944dac2ac0 ==============================
[0m17:19:23.801936 [info ] [MainThread]: Running with dbt=1.12.2
[0m17:19:23.802411 [debug] [MainThread]: running dbt with arguments {'static_parser': 'True', 'no_print': 'None', 'maximum_seed_size_mib': '1', 'warn_error_options': 'WarnErrorOptionsV2(error=[], warn=[], silence=[])', 'version_check': 'True', 'target_path': 'None', 'printer_width': '80', 'write_json': 'True', 'empty': 'False', 'log_cache_events': 'False', 'introspect': 'True', 'cache_selected_only': 'False', 'fail_fast': 'False', 'debug': 'False', 'log_format': 'default', 'partial_parse': 'True', 'send_anonymous_usage_stats': 'True', 'quiet': 'False', 'warn_error': 'None', 'profiles_dir': 'C:\\Users\\kill\\.dbt', 'indirect_selection': 'eager', 'hints_enabled': 'True', 'invocation_command': 'dbt seed', 'use_experimental_parser': 'False', 'use_colors': 'True', 'log_path': 'C:\\Users\\kill\\Desktop\\datax\\Pruebas-Transformaciones\\Transformaciones-Datax\\paquete_cubo158\\dbt_158\\logs'}
[0m17:19:23.968956 [debug] [MainThread]: Sending event: {'category': 'dbt', 'action': 'project_id', 'label': '85bdd308-79bc-4b65-a8cb-0b944dac2ac0', 'context': [<snowplow_tracker.self_describing_json.SelfDescribingJson object at 0x000001955CE2EC40>]}
[0m17:19:24.022479 [debug] [MainThread]: Sending event: {'category': 'dbt', 'action': 'adapter_info', 'label': '85bdd308-79bc-4b65-a8cb-0b944dac2ac0', 'context': [<snowplow_tracker.self_describing_json.SelfDescribingJson object at 0x000001955C5DF020>]}
[0m17:19:24.024007 [info ] [MainThread]: Registered adapter: postgres=1.11.0
[0m17:19:24.210140 [debug] [MainThread]: checksum: d90eabb28bcd83b1f62f14c26fce4b8be3d7b4ed130b1ec8e7fdf9a5f3602a01, vars: {}, profile: cubo_158, target: dev, version: 1.12.2
[0m17:19:24.403457 [debug] [MainThread]: Partial parsing enabled: 0 files deleted, 0 files added, 0 files changed.
[0m17:19:24.403753 [debug] [MainThread]: Nothing changed, skipping partial parsing.
[0m17:19:24.403939 [debug] [MainThread]: Partial parsing enabled, no changes found, skipping parsing
[0m17:19:24.410532 [debug] [MainThread]: Sending event: {'category': 'dbt', 'action': 'load_project', 'label': '85bdd308-79bc-4b65-a8cb-0b944dac2ac0', 'context': [<snowplow_tracker.self_describing_json.SelfDescribingJson object at 0x000001955F7D3B50>]}
[0m17:19:24.522086 [debug] [MainThread]: Wrote artifact WritableManifest to C:\Users\kill\Desktop\datax\Pruebas-Transformaciones\Transformaciones-Datax\paquete_cubo158\dbt_158\target\manifest.json
[0m17:19:24.528917 [debug] [MainThread]: Wrote artifact SemanticManifest to C:\Users\kill\Desktop\datax\Pruebas-Transformaciones\Transformaciones-Datax\paquete_cubo158\dbt_158\target\semantic_manifest.json
[0m17:19:24.577429 [debug] [MainThread]: Wrote artifact OsiDocument to C:\Users\kill\Desktop\datax\Pruebas-Transformaciones\Transformaciones-Datax\paquete_cubo158\dbt_158\target\osi_document.json
[0m17:19:24.592578 [debug] [MainThread]: Sending event: {'category': 'dbt', 'action': 'resource_counts', 'label': '85bdd308-79bc-4b65-a8cb-0b944dac2ac0', 'context': [<snowplow_tracker.self_describing_json.SelfDescribingJson object at 0x000001955FA10230>]}
[0m17:19:24.592982 [info ] [MainThread]: Found 3 models, 1 seed, 18 sources, 478 macros
[0m17:19:24.593386 [debug] [MainThread]: Sending event: {'category': 'dbt', 'action': 'runnable_timing', 'label': '85bdd308-79bc-4b65-a8cb-0b944dac2ac0', 'context': [<snowplow_tracker.self_describing_json.SelfDescribingJson object at 0x000001955F853690>]}
[0m17:19:24.595078 [info ] [MainThread]: 
[0m17:19:24.595473 [info ] [MainThread]: Concurrency: 4 threads (target='dev')
[0m17:19:24.595781 [info ] [MainThread]: 
[0m17:19:24.596242 [debug] [MainThread]: Acquiring new postgres connection 'master'
[0m17:19:24.597227 [debug] [ThreadPool]: Acquiring new postgres connection 'list_copia'
[0m17:19:24.667285 [debug] [ThreadPool]: Using postgres connection "list_copia"
[0m17:19:24.667825 [debug] [ThreadPool]: On list_copia: /* {"app": "dbt", "dbt_version": "1.12.2", "profile_name": "cubo_158", "target_name": "dev", "connection_name": "list_copia"} */

    select distinct nspname from pg_namespace
  
[0m17:19:24.668276 [debug] [ThreadPool]: Opening a new connection, currently in state init
[0m17:19:24.687824 [debug] [ThreadPool]: SQL status: SELECT 4 in 0.020 seconds
[0m17:19:24.688904 [debug] [ThreadPool]: On list_copia: Close
[0m17:19:24.692858 [debug] [ThreadPool]: Acquiring new postgres connection 'list_copia_public'
[0m17:19:24.696536 [debug] [ThreadPool]: Using postgres connection "list_copia_public"
[0m17:19:24.696821 [debug] [ThreadPool]: On list_copia_public: /* {"app": "dbt", "dbt_version": "1.12.2", "profile_name": "cubo_158", "target_name": "dev", "connection_name": "list_copia_public"} */
select
      'copia' as database,
      tablename as name,
      schemaname as schema,
      'table' as type
    from pg_tables
    where schemaname ilike 'public'
    union all
    select
      'copia' as database,
      viewname as name,
      schemaname as schema,
      'view' as type
    from pg_views
    where schemaname ilike 'public'
    union all
    select
      'copia' as database,
      matviewname as name,
      schemaname as schema,
      'materialized_view' as type
    from pg_matviews
    where schemaname ilike 'public'
    union all
    select distinct
     'copia' as database,
     proname as name,
     ns.nspname as schema,
     'function' as type
    from pg_proc
     join pg_namespace as ns on pronamespace = ns.oid
    where ns.nspname ilike 'public'
  
[0m17:19:24.697117 [debug] [ThreadPool]: Opening a new connection, currently in state init
[0m17:19:24.725186 [debug] [ThreadPool]: SQL status: SELECT 59 in 0.028 seconds
[0m17:19:24.726500 [debug] [ThreadPool]: On list_copia_public: ROLLBACK
[0m17:19:24.727131 [debug] [ThreadPool]: On list_copia_public: Close
[0m17:19:24.736712 [debug] [MainThread]: Using postgres connection "master"
[0m17:19:24.737140 [debug] [MainThread]: On master: /* {"app": "dbt", "dbt_version": "1.12.2", "profile_name": "cubo_158", "target_name": "dev", "connection_name": "master"} */
select distinct
        dependent_namespace.nspname as dependent_schema,
        dependent_class.relname as dependent_name,
        referenced_namespace.nspname as referenced_schema,
        referenced_class.relname as referenced_name

    -- Query for views: views are entries in pg_class with an entry in pg_rewrite, but we avoid
    -- a seq scan on pg_rewrite by leveraging the fact there is an "internal" row in pg_depend for
    -- the view...
    from pg_class as dependent_class
    join pg_namespace as dependent_namespace on dependent_namespace.oid = dependent_class.relnamespace
    join pg_depend as dependent_depend on dependent_depend.refobjid = dependent_class.oid
        and dependent_depend.classid = 'pg_rewrite'::regclass
        and dependent_depend.refclassid = 'pg_class'::regclass
        and dependent_depend.deptype = 'i'

    -- ... and via pg_depend (that has a row per column, hence the need for "distinct" above, and
    -- making sure to exclude the internal row to avoid a view appearing to depend on itself)...
    join pg_depend as joining_depend on joining_depend.objid = dependent_depend.objid
        and joining_depend.classid = 'pg_rewrite'::regclass
        and joining_depend.refclassid = 'pg_class'::regclass
        and joining_depend.refobjid != dependent_depend.refobjid

    -- ... we can find the tables they query from in pg_class, but excluding system tables. Note we
    -- don't need need to exclude _dependent_ system tables, because they only query from other
    -- system tables, and so are automatically excluded by excluding _referenced_ system tables
    join pg_class as referenced_class on referenced_class.oid = joining_depend.refobjid
    join pg_namespace as referenced_namespace on referenced_namespace.oid = referenced_class.relnamespace
        and referenced_namespace.nspname != 'information_schema'
        and referenced_namespace.nspname not like 'pg\_%'

    order by
        dependent_schema, dependent_name, referenced_schema, referenced_name;
[0m17:19:24.737467 [debug] [MainThread]: Opening a new connection, currently in state init
[0m17:19:24.770782 [debug] [MainThread]: SQL status: SELECT 19 in 0.033 seconds
[0m17:19:24.773433 [debug] [MainThread]: Sending event: {'category': 'dbt', 'action': 'runnable_timing', 'label': '85bdd308-79bc-4b65-a8cb-0b944dac2ac0', 'context': [<snowplow_tracker.self_describing_json.SelfDescribingJson object at 0x000001955FBBE8F0>]}
[0m17:19:24.773708 [debug] [MainThread]: On master: ROLLBACK
[0m17:19:24.774250 [debug] [MainThread]: On master: COMMIT
[0m17:19:24.774475 [debug] [MainThread]: Using postgres connection "master"
[0m17:19:24.774638 [debug] [MainThread]: On master: COMMIT
[0m17:19:24.775310 [debug] [MainThread]: SQL status: COMMIT in 0.001 seconds
[0m17:19:24.775510 [debug] [MainThread]: On master: Close
[0m17:19:24.778856 [debug] [Thread-1 (]: Began running node seed.cubo_158.cat_compania
[0m17:19:24.779586 [info ] [Thread-1 (]: 1 of 1 START seed file public.cat_compania ..................................... [RUN]
[0m17:19:24.780021 [debug] [Thread-1 (]: Acquiring new postgres connection 'seed.cubo_158.cat_compania'
[0m17:19:24.780283 [debug] [Thread-1 (]: Began compiling node seed.cubo_158.cat_compania
[0m17:19:24.780491 [debug] [Thread-1 (]: Began executing node seed.cubo_158.cat_compania
[0m17:19:24.799652 [debug] [Thread-1 (]: Using postgres connection "seed.cubo_158.cat_compania"
[0m17:19:24.800091 [debug] [Thread-1 (]: On seed.cubo_158.cat_compania: /* {"app": "dbt", "dbt_version": "1.12.2", "profile_name": "cubo_158", "target_name": "dev", "node_id": "seed.cubo_158.cat_compania"} */
truncate table "copia"."public"."cat_compania"
[0m17:19:24.800386 [debug] [Thread-1 (]: Opening a new connection, currently in state init
[0m17:19:24.813237 [debug] [Thread-1 (]: SQL status: TRUNCATE TABLE in 0.013 seconds
[0m17:19:24.830507 [debug] [Thread-1 (]: Using postgres connection "seed.cubo_158.cat_compania"
[0m17:19:24.830945 [debug] [Thread-1 (]: On seed.cubo_158.cat_compania: 
          insert into "copia"."public"."cat_compania" ("raw_code", "clean_code") values
          (%s,%s),(%s,%s),(%s,%s),(%s,%s),(%s,%s),(%s,%s),(%s,%s),(%s,%s),(%s,%s),(%s,%s),(%s,%s),(%s,%s),(%s,%s),(%s,%s),(%s,%s),(%s,%s),(%s,%s),(%s,%s),(%s,%s)
      ...
[0m17:19:24.832680 [debug] [Thread-1 (]: SQL status: INSERT 0 19 in 0.001 seconds
[0m17:19:24.836970 [debug] [Thread-1 (]: Writing runtime SQL for node "seed.cubo_158.cat_compania"
[0m17:19:24.849653 [debug] [Thread-1 (]: On seed.cubo_158.cat_compania: COMMIT
[0m17:19:24.850130 [debug] [Thread-1 (]: Using postgres connection "seed.cubo_158.cat_compania"
[0m17:19:24.850483 [debug] [Thread-1 (]: On seed.cubo_158.cat_compania: COMMIT
[0m17:19:24.855093 [debug] [Thread-1 (]: SQL status: COMMIT in 0.004 seconds
[0m17:19:24.856854 [debug] [Thread-1 (]: On seed.cubo_158.cat_compania: Close
[0m17:19:24.859016 [debug] [Thread-1 (]: Sending event: {'category': 'dbt', 'action': 'run_model', 'label': '85bdd308-79bc-4b65-a8cb-0b944dac2ac0', 'context': [<snowplow_tracker.self_describing_json.SelfDescribingJson object at 0x000001955FD9C410>]}
[0m17:19:24.859785 [info ] [Thread-1 (]: 1 of 1 OK loaded seed file public.cat_compania ................................. [[32mINSERT 19[0m in 0.08s]
[0m17:19:24.860401 [debug] [Thread-1 (]: Finished running node seed.cubo_158.cat_compania
[0m17:19:24.861589 [debug] [MainThread]: On master: COMMIT
[0m17:19:24.861855 [debug] [MainThread]: Using postgres connection "master"
[0m17:19:24.862058 [debug] [MainThread]: On master: COMMIT
[0m17:19:24.862236 [debug] [MainThread]: Opening a new connection, currently in state closed
[0m17:19:24.881674 [debug] [MainThread]: SQL status: COMMIT in 0.019 seconds
[0m17:19:24.881977 [debug] [MainThread]: On master: Close
[0m17:19:24.882326 [debug] [MainThread]: Connection 'master' was properly closed.
[0m17:19:24.882524 [debug] [MainThread]: Connection 'list_copia' was properly closed.
[0m17:19:24.882678 [debug] [MainThread]: Connection 'list_copia_public' was properly closed.
[0m17:19:24.882807 [debug] [MainThread]: Connection 'seed.cubo_158.cat_compania' was properly closed.
[0m17:19:24.882964 [info ] [MainThread]: 
[0m17:19:24.883257 [info ] [MainThread]: Finished running 1 seed in 0 hours 0 minutes and 0.29 seconds (0.29s).
[0m17:19:24.883895 [debug] [MainThread]: Command end result
[0m17:19:24.907585 [debug] [MainThread]: Wrote artifact WritableManifest to C:\Users\kill\Desktop\datax\Pruebas-Transformaciones\Transformaciones-Datax\paquete_cubo158\dbt_158\target\manifest.json
[0m17:19:24.910585 [debug] [MainThread]: Wrote artifact SemanticManifest to C:\Users\kill\Desktop\datax\Pruebas-Transformaciones\Transformaciones-Datax\paquete_cubo158\dbt_158\target\semantic_manifest.json
[0m17:19:24.913111 [debug] [MainThread]: Wrote artifact OsiDocument to C:\Users\kill\Desktop\datax\Pruebas-Transformaciones\Transformaciones-Datax\paquete_cubo158\dbt_158\target\osi_document.json
[0m17:19:24.918182 [debug] [MainThread]: Wrote artifact RunExecutionResult to C:\Users\kill\Desktop\datax\Pruebas-Transformaciones\Transformaciones-Datax\paquete_cubo158\dbt_158\target\run_results.json
[0m17:19:24.918463 [info ] [MainThread]: 
[0m17:19:24.918859 [info ] [MainThread]: [32mCompleted successfully[0m
[0m17:19:24.919229 [info ] [MainThread]: 
[0m17:19:24.919764 [info ] [MainThread]: Done. PASS=1 WARN=0 ERROR=0 SKIP=0 NO-OP=0 REUSED=0 TOTAL=1
[0m17:19:24.920641 [debug] [MainThread]: Command `dbt seed` succeeded at 17:19:24.920524 after 1.27 seconds
[0m17:19:24.920948 [debug] [MainThread]: Sending event: {'category': 'dbt', 'action': 'invocation', 'label': 'end', 'context': [<snowplow_tracker.self_describing_json.SelfDescribingJson object at 0x000001955FBEF800>, <snowplow_tracker.self_describing_json.SelfDescribingJson object at 0x000001955FC97250>, <snowplow_tracker.self_describing_json.SelfDescribingJson object at 0x000001955FC97B10>]}
[0m17:19:24.921236 [debug] [MainThread]: Flushing usage events
[0m17:19:25.846165 [debug] [MainThread]: An error was encountered while trying to flush usage events
